Symbol,Current Price,Date,Time,Change,Open,High,Low,Volume,Trade Date,Purchase Price,Quantity,Commission,High Limit,Low Limit,Comment
ADSK.MX,5085.0,2022/01/31,10:22 CST,0.0,0.0,5085.0,5085.0,271,,,,,,,
AMXA.MX,19.0,2022/01/28,08:52 CST,0.0,0.0,19.0,19.0,216,,,,,,,
AMXL.MX,19.39,2022/02/01,11:48 CST,-0.020000458,19.47,19.5,19.27,20221383,,,,,,,
ATVI.MX,1629.6,2022/02/01,11:38 CST,1.5999756,1630.0,1632.91,1621.97,198,,,,,,,
ACOFN.MX,1204.43,2022/02/01,10:02 CST,-55.059937,1204.43,1204.43,1204.43,220,,,,,,,
AIN.MX,3497.93,2022/01/28,11:10 CST,0.0,0.0,3497.93,3497.93,0,,,,,,,
ADI.MX,3233.0,2022/01/27,13:44 CST,0.0,0.0,3233.0,3233.0,0,,,,,,,
AIRN.MX,2631.32,2022/02/01,09:25 CST,-48.03003,2631.32,2631.32,2631.32,173,,,,,,,
ABNB.MX,3215.0,2022/02/01,11:02 CST,90.0,3180.0,3251.09,3180.0,794,,,,,,,
ANTM.MX,8928.26,2022/01/26,10:11 CST,0.0,0.0,8928.26,8928.26,0,,,,,,,
AMT.MX,5132.04,2022/02/01,09:16 CST,116.04004,5132.04,5132.04,5132.04,280,,,,,,,
AME.MX,2803.02,2022/02/01,10:50 CST,49.02002,2803.02,2803.02,2803.02,300,,,,,,,
AMP.MX,6150.0,2022/01/25,14:54 CST,0.0,0.0,6150.0,6150.0,0,,,,,,,
ANET.MX,2460.0,2022/01/28,10:27 CST,0.0,0.0,2460.0,2460.0,0,,,,,,,
ALGN.MX,10288.0,2022/02/01,09:06 CST,408.0,10288.0,10288.0,10288.0,6,,,,,,,
ABEVN.MX,57.49,2022/01/31,09:08 CST,0.0,0.0,57.49,57.49,0,,,,,,,
APH.MX,1629.2,2022/02/01,10:52 CST,-154.89001,1629.2,1629.2,1629.2,433,,,,,,,
AIG.MX,1175.24,2022/01/28,11:01 CST,0.0,0.0,1175.24,1175.24,0,,,,,,,
ALLY1.MX,978.0,2022/01/31,13:16 CST,0.0,0.0,978.0,978.0,0,,,,,,,
AKAM.MX,2330.0,2022/01/25,14:32 CST,-9.830078,0.0,2330.0,2330.0,0,,,,,,,
AFRM.MX,1366.0,2022/02/01,11:46 CST,56.0,1321.0,1385.01,1321.0,25980,,,,,,,
ALB.MX,4500.0,2022/01/31,11:35 CST,0.0,0.0,4500.0,4500.0,0,,,,,,,
AMSN.MX,1375.08,2022/01/28,10:01 CST,-0.4300537,0.0,1375.08,1375.08,0,,,,,,,
ANSS.MX,6783.5,2022/01/26,13:11 CST,0.0,0.0,6783.5,6783.5,0,,,,,,,
0QBON.MX,2986.14,2022/01/26,10:02 CST,0.0,0.0,2986.14,2986.14,0,,,,,,,
AXTELCPO.MX,3.43,2022/02/01,11:47 CST,0.029999971,3.38,3.49,3.36,621974,,,,,,,
AGNC.MX,300.01,2022/02/01,11:40 CST,-5.98999,300.0,301.0,300.0,109,,,,,,,
ARMK.MX,697.03,2022/02/01,09:15 CST,-39.169983,697.03,697.03,697.03,2226,,,,,,,
AMC.MX,357.98,2022/02/01,11:48 CST,28.650024,348.0,384.0,344.0,321002,,,,,,,
AC.MX,123.28,2022/02/01,11:46 CST,1.2699966,121.8,123.87,121.67,477919,,,,,,,
AA1.MX,1195.0,2022/02/01,09:28 CST,35.0,1195.0,1195.0,1195.0,22,,,,,,,
AAL.MX,346.0,2022/02/01,11:41 CST,9.130005,335.1,349.9,335.1,5587,,,,,,,
2382N.MX,540.07,2022/01/31,09:28 CST,0.0,0.0,540.07,540.07,0,,,,,,,
APA.MX,678.55,2022/02/01,09:39 CST,23.070007,678.55,678.55,678.55,41,,,,,,,
ABMD.MX,6065.0,2022/01/31,14:43 CST,0.0,0.0,6065.0,6065.0,180,,,,,,,
AAP.MX,4774.0,2022/01/31,14:48 CST,0.0,0.0,4774.0,4774.0,0,,,,,,,
ACLS.MX,1175.0,2022/01/28,14:07 CST,0.0,0.0,1175.0,1175.0,0,,,,,,,
ALPEKA.MX,24.47,2022/02/01,11:47 CST,-0.23999977,24.86,24.88,24.2,292206,,,,,,,
ALFAA.MX,14.82,2022/02/01,11:48 CST,-0.19000053,15.15,15.18,14.75,1593255,,,,,,,
AYX.MX,1059.52,2022/01/31,08:51 CST,0.0,0.0,1059.52,1059.52,0,,,,,,,
ACXN.MX,265.91,2022/02/01,09:25 CST,10.389999,265.91,265.91,265.91,1407,,,,,,,
APAMN.MX,1140.76,2022/01/25,10:38 CST,0.0,0.0,1140.76,1140.76,0,,,,,,,
AWI.MX,2120.0,2022/01/31,13:06 CST,0.0,0.0,2120.0,2120.0,0,,,,,,,
ATKR.MX,2224.9,2022/02/01,10:25 CST,-130.1001,2224.9,2224.9,2224.9,365,,,,,,,
ASURB.MX,416.99,2022/02/01,11:47 CST,-0.6800232,417.36,418.14,411.06,42023,,,,,,,
ATUS.MX,294.0,2022/01/26,14:36 CST,0.0,0.0,294.0,294.0,0,,,,,,,
ATOS.MX,29.0,2022/02/01,11:33 CST,0.6000004,28.0,30.0,27.5,1316,,,,,,,
ATER.MX,70.01,2022/02/01,11:37 CST,3.0100021,68.0,72.0,65.01,6962,,,,,,,
ACCELSAB.MX,20.5,2022/01/26,12:54 CST,0.0,0.0,20.5,20.5,5,,,,,,,
AUTLANB.MX,13.76,2022/02/01,11:35 CST,0.10000038,13.65,13.76,13.6,43865,,,,,,,
ARA.MX,4.21,2022/02/01,11:40 CST,0.119999886,4.13,4.26,4.08,60128,,,,,,,
ALT1.MX,158.0,2022/01/31,13:20 CST,0.0,0.0,158.0,158.0,1,,,,,,,
ACTINVRB.MX,12.3,2022/02/01,10:25 CST,0.3000002,12.35,12.35,12.0,2001195,,,,,,,
AZTECACPO.MX,1.11,2022/02/01,11:44 CST,-0.029999971,1.14,1.14,1.1,170494,,,,,,,
AGUA.MX,26.3,2022/02/01,11:46 CST,-0.3600006,26.59,26.88,26.12,67446,,,,,,,
APPSN.MX,185.76,2022/02/01,09:24 CST,11.5099945,185.76,185.76,185.76,4762,,,,,,,
ARCON.MX,126.66,2022/01/27,14:13 CST,-5.3799896,0.0,126.66,126.66,0,,,,,,,
AGIO.MX,607.61,2022/01/31,09:47 CST,0.0,0.0,607.61,607.61,0,,,,,,,
ALSEA.MX,43.8,2022/02/01,11:47 CST,1.4899979,42.98,43.94,42.7,769872,,,,,,,
ATSG.MX,540.0,2022/01/27,11:22 CST,0.0,0.0,540.0,540.0,0,,,,,,,
3391N.MX,1724.18,2022/01/26,10:26 CST,0.0,0.0,1724.18,1724.18,0,,,,,,,
7741N.MX,2506.7,2022/01/25,09:08 CST,0.0,0.0,2506.7,2506.7,0,,,,,,,
4503N.MX,338.49,2022/01/27,08:30 CST,0.0,0.0,338.49,338.49,0,,,,,,,
1810N.MX,49.9,2022/01/31,14:21 CST,0.0,0.0,49.9,49.9,11,,,,,,,
9988N.MX,332.0,2022/01/26,09:20 CST,0.0,0.0,332.0,332.0,0,,,,,,,
ASM1N.MX,7028.08,2022/02/01,10:09 CST,204.43018,7028.08,7028.08,7028.08,311,,,,,,,
AMRC.MX,954.9,2022/01/27,12:22 CST,-6.9400024,0.0,954.9,954.9,0,,,,,,,
4543N.MX,752.84,2022/01/26,08:35 CST,9.2300415,0.0,752.84,752.84,0,,,,,,,
4519N.MX,652.3,2022/01/27,08:30 CST,0.0,0.0,652.3,652.3,0,,,,,,,
1COVN.MX,1274.15,2022/01/27,08:49 CST,0.0,0.0,1274.15,1274.15,0,,,,,,,
ADYENN.MX,39036.55,2022/01/28,09:05 CST,0.0,0.0,39036.55,39036.55,0,,,,,,,
APL301L-DC138.MX,100.0,2022/01/26,13:46 CST,0.0,0.0,100.0,100.0,0,,,,,,,
AMZ301L-DC236.MX,100.0,2022/01/25,12:31 CST,0.0,0.0,100.0,100.0,0,,,,,,,
ANGELD10.MX,19.07,2022/01/31,14:47 CST,0.010000229,0.0,19.07,19.07,186,,,,,,,
914N.MX,110.45,2022/01/27,09:43 CST,0.4399948,0.0,110.45,110.45,0,,,,,,,
AMZ301L-DC237.MX,100.0,2022/01/27,14:14 CST,0.0,0.0,100.0,100.0,0,,,,,,,
AIFN.MX,983.16,2022/01/27,14:38 CST,0.0,0.0,983.16,983.16,0,,,,,,,
ALTERNAB.MX,1.12,2022/01/28,13:15 CST,0.0,0.0,1.12,1.12,130,,,,,,,
AAUN.MX,6.29,2022/02/01,11:45 CST,0.28999996,6.03,6.3,6.03,195,,,,,,,
AEROMEX.MX,2.1,2022/02/01,11:48 CST,0.14999986,1.97,2.2,1.97,3806601,,,,,,,
ABCMN.MX,369.82,2022/01/31,13:46 CST,0.0,0.0,369.82,369.82,0,,,,,,,
AFXN.MX,3258.2,2022/01/26,10:02 CST,0.0,0.0,3258.2,3258.2,0,,,,,,,
4528N.MX,494.66,2022/01/27,08:30 CST,0.0,0.0,494.66,494.66,0,,,,,,,
AGIL.MX,89.5,2022/01/27,09:46 CST,2.9300003,0.0,89.5,89.5,0,,,,,,,
3673N.MX,62.0,2022/01/25,08:48 CST,0.0,0.0,62.0,62.0,0,,,,,,,
AGSN.MX,989.31,2022/01/28,11:09 CST,0.0,0.0,989.31,989.31,0,,,,,,,
ATDN.MX,819.97,2022/01/31,10:50 CST,0.0,0.0,819.97,819.97,0,,,,,,,
ZTS.MX,4076.5,2022/02/01,10:56 CST,36.5,4076.5,4076.5,4076.5,180,,,,,,,
ZS.MX,4960.0,2022/01/28,11:09 CST,0.0,0.0,4960.0,4960.0,1,,,,,,,
ZNGA.MX,179.0,2022/01/26,10:27 CST,0.0,0.0,179.0,179.0,1,,,,,,,
ZM.MX,3180.0,2022/02/01,10:35 CST,30.0,3176.95,3180.0,3120.0,339,,,,,,,
ZEN.MX,2000.0,2022/01/31,08:53 CST,0.0,0.0,2000.0,2000.0,0,,,,,,,
ZBRA.MX,10445.0,2022/02/01,08:38 CST,10.0,10445.0,10445.0,10445.0,2035,,,,,,,
ZBH.MX,2522.03,2022/02/01,09:22 CST,48.03003,2522.03,2522.03,2522.03,33,,,,,,,
Z.MX,994.0,2022/01/31,08:31 CST,0.0,0.0,994.0,994.0,2,,,,,,,
YUM.MX,2518.0,2022/01/27,09:30 CST,-31.889893,0.0,2518.0,2518.0,0,,,,,,,
YPFN.MX,88.9,2022/01/31,13:27 CST,0.0,0.0,88.9,88.9,0,,,,,,,
YETI.MX,1249.15,2022/01/28,09:44 CST,0.0,0.0,1249.15,1249.15,0,,,,,,,
XPO.MX,1365.38,2022/01/25,14:19 CST,0.0,0.0,1365.38,1365.38,0,,,,,,,
XPN.MX,645.88,2022/01/25,13:55 CST,0.0,0.0,645.88,645.88,0,,,,,,,
XPEVN.MX,738.0,2022/02/01,11:38 CST,23.0,725.0,760.0,715.0,22984,,,,,,,
XLNX.MX,3941.0,2022/01/31,14:30 CST,0.0,0.0,3941.0,3941.0,0,,,,,,,
X.MX,438.82,2022/02/01,11:39 CST,14.440002,424.38,445.0,424.38,37937,,,,,,,
WYNN.MX,1805.0,2022/02/01,11:12 CST,59.900024,1789.0,1815.0,1788.0,1021,,,,,,,
WU.MX,370.0,2022/01/25,11:15 CST,0.0,0.0,370.0,370.0,0,,,,,,,
WSM.MX,3370.0,2022/02/01,11:32 CST,304.6599,3376.0,3376.0,3370.0,260,,,,,,,
WRK.MX,960.0,2022/02/01,09:39 CST,22.5,960.0,960.0,960.0,10,,,,,,,
WRB.MX,1773.88,2022/01/28,12:15 CST,0.0,0.0,1773.88,1773.88,0,,,,,,,
WPKN.MX,614.47,2022/01/27,14:41 CST,0.0,0.0,614.47,614.47,0,,,,,,,
WOOF.MX,390.0,2022/01/31,14:37 CST,0.0,0.0,390.0,390.0,0,,,,,,,
WMI.MX,2967.9,2022/02/01,10:23 CST,-114.62012,2967.9,2967.9,2967.9,17,,,,,,,
WLL1.MX,1529.0,2022/01/26,12:24 CST,0.1899414,0.0,1529.0,1529.0,0,,,,,,,
WKHS.MX,70.0,2022/02/01,10:05 CST,7.5,70.0,70.0,70.0,45,,,,,,,
WIXN.MX,2719.0,2022/02/01,11:01 CST,-181.0,2713.18,2719.0,2713.18,56,,,,,,,
WISH.MX,58.02,2022/02/01,11:36 CST,3.1800003,56.81,60.0,53.78,7174,,,,,,,
WHR.MX,4241.85,2022/01/24,12:00 CST,0.0,0.0,4241.85,4241.85,0,,,,,,,
WDC.MX,1070.0,2022/01/31,14:59 CST,0.0,0.0,1070.0,1070.0,3,,,,,,,
WDAY.MX,5151.14,2022/02/01,09:22 CST,229.72021,5151.14,5151.14,5151.14,138,,,,,,,
WCNN.MX,2525.0,2022/01/28,14:52 CST,-52.01001,0.0,2525.0,2525.0,0,,,,,,,
WBA.MX,1025.0,2022/01/31,12:34 CST,0.0,0.0,1025.0,1025.0,4,,,,,,,
WALMEX.MX,70.89,2022/02/01,11:48 CST,0.75,70.53,71.24,69.81,3489313,,,,,,,
W.MX,2912.41,2022/01/27,14:45 CST,-149.38013,0.0,2912.41,2912.41,5,,,,,,,
VYGR.MX,56.0,2022/01/27,10:52 CST,0.0,0.0,56.0,56.0,0,,,,,,,
VWSN.MX,541.54,2022/01/31,12:38 CST,0.0,0.0,541.54,541.54,0,,,,,,,
VTRS.MX,310.86,2022/02/01,11:27 CST,4.8599854,310.86,310.86,310.86,11276,,,,,,,
VTNR.MX,80.0,2022/01/26,13:14 CST,2.4000015,0.0,80.0,80.0,0,,,,,,,
VRTX.MX,5027.44,2022/02/01,10:52 CST,57.43994,5027.44,5027.44,5027.44,140,,,,,,,
VRSK.MX,3940.0,2022/01/27,14:46 CST,0.0,0.0,3940.0,3940.0,0,,,,,,,
VRM.MX,151.71,2022/01/27,09:16 CST,0.0,0.0,151.71,151.71,2,,,,,,,
VOLARA.MX,36.76,2022/02/01,11:46 CST,0.11999893,36.75,37.13,36.35,248848,,,,,,,
VODN.MX,387.0,2022/01/31,09:22 CST,0.0,0.0,387.0,387.0,4,,,,,,,
VMW.MX,2593.0,2022/01/27,09:57 CST,0.0,0.0,2593.0,2593.0,0,,,,,,,
VMEX19.MX,38.0,2022/01/31,14:54 CST,0.09000015,0.0,38.0,38.0,660,,,,,,,
VMC.MX,3820.0,2022/01/24,12:39 CST,0.0,0.0,3820.0,3820.0,0,,,,,,,
VLO.MX,1724.0,2022/02/01,09:09 CST,49.0,1720.0,1724.0,1720.0,30,,,,,,,
VITROA.MX,21.7,2022/02/01,11:30 CST,-0.099998474,21.7,21.7,21.7,2862,,,,,,,
VISTAA.MX,130.0,2022/02/01,11:26 CST,6.0,128.0,132.0,128.0,149179,,,,,,,
VISCN.MX,1227.68,2022/01/25,09:35 CST,0.0,0.0,1227.68,1227.68,0,,,,,,,
VINTE.MX,28.35,2022/02/01,11:46 CST,-0.14999962,28.8,28.8,27.7,47324,,,,,,,
VIEN.MX,736.13,2022/02/01,08:39 CST,-736.13,,,,,,,,,,,
VIDN.MX,1771.49,2022/02/01,09:26 CST,-222.00525,1771.49,1771.49,1771.49,1800,,,,,,,
VIAC.MX,660.0,2022/01/27,08:39 CST,0.0,0.0,660.0,660.0,1,,,,,,,
VESTA.MX,39.08,2022/02/01,11:47 CST,0.010002136,38.63,39.35,38.63,139949,,,,,,,
VEEV.MX,4889.3,2022/01/31,14:52 CST,0.0,0.0,4889.3,4889.3,0,,,,,,,
VASCONI.MX,24.2,2022/01/31,14:40 CST,0.0,0.0,24.2,24.2,29,,,,,,,
VALUEGFO.MX,110.75,2022/01/24,14:45 CST,0.010002136,0.0,110.75,110.75,113,,,,,,,
VALEN.MX,327.5,2022/02/01,11:14 CST,17.48999,325.0,327.5,325.0,960,,,,,,,
USB.MX,1195.2,2022/01/26,13:40 CST,0.0,0.0,1195.2,1195.2,0,,,,,,,
URI.MX,6606.02,2022/02/01,09:20 CST,66.02002,6606.02,6606.02,6606.02,24,,,,,,,
URBI.MX,6.21,2022/01/27,14:53 CST,0.0,0.0,6.21,6.21,20,,,,,,,
UPWK.MX,519.6,2022/01/24,12:48 CST,0.0,0.0,519.6,519.6,4,,,,,,,
UPST.MX,2471.0,2022/02/01,10:53 CST,220.1499,2251.0,2499.99,2251.0,145,,,,,,,
UNIFINA.MX,28.0,2022/02/01,11:46 CST,-0.5300007,28.48,29.0,27.65,85898,,,,,,,
UBIN.MX,1141.51,2022/01/28,11:09 CST,0.0,0.0,1141.51,1141.51,0,,,,,,,
UBER.MX,781.78,2022/02/01,11:44 CST,15.590027,780.0,789.17,767.0,13546,,,,,,,
UAL.MX,905.0,2022/02/01,11:43 CST,25.0,880.01,909.99,880.01,1564,,,,,,,
UAA.MX,380.0,2022/01/28,11:21 CST,0.0,0.0,380.0,380.0,0,,,,,,,
U.MX,2215.0,2022/02/01,08:32 CST,75.0,2215.0,2215.0,2215.0,20,,,,,,,
TYL.MX,9774.8,2022/02/01,10:52 CST,377.08984,9774.8,9774.8,9774.8,80,,,,,,,
TXG.MX,1765.05,2022/01/28,13:29 CST,-58.089966,0.0,1765.05,1765.05,0,,,,,,,
TX.MX,824.1,2022/02/01,11:26 CST,-13.400024,851.0,854.0,824.1,8747,,,,,,,
TWTR.MX,772.0,2022/02/01,11:39 CST,3.5300293,772.0,778.0,762.5,3462,,,,,,,
TWLO.MX,4299.99,2022/02/01,11:05 CST,49.990234,4220.0,4299.99,4220.0,24,,,,,,,
TUBN.MX,35.4,2022/01/25,09:33 CST,0.0,0.0,35.4,35.4,0,,,,,,,
TTWO.MX,3268.0,2022/02/01,11:26 CST,-88.11011,3350.0,3350.0,3268.0,3591,,,,,,,
TTN.MX,3602.51,2022/01/25,14:12 CST,11.100098,0.0,3602.51,3602.51,0,,,,,,,
TTMN.MX,673.9,2022/01/27,08:32 CST,0.0,0.0,673.9,673.9,0,,,,,,,
TTEN.MX,1167.0,2022/01/31,09:09 CST,0.0,0.0,1167.0,1167.0,0,,,,,,,
TTD.MX,1440.0,2022/02/01,11:11 CST,36.5,1471.99,1471.99,1440.0,58,,,,,,,
TSN.MX,1840.0,2022/01/25,12:03 CST,0.0,0.0,1840.0,1840.0,0,,,,,,,
TSM301L-DC004.MX,1000.0,2022/01/28,12:59 CST,0.0,0.0,1000.0,1000.0,0,,,,,,,
TSL301L-DC076.MX,100.0,2022/01/26,13:46 CST,0.0,0.0,100.0,100.0,0,,,,,,,
TS.MX,998.56,2022/02/01,11:48 CST,3.2999878,999.34,990.66,255.0,13398127,,,,,,,
TRV.MX,3438.0,2022/01/28,08:32 CST,0.0,0.0,3438.0,3438.0,0,,,,,,,
TRNEN.MX,71.14,2022/01/24,13:24 CST,11.989998,0.0,71.14,71.14,0,,,,,,,
TRMB.MX,1400.0,2022/01/28,12:09 CST,0.0,0.0,1400.0,1400.0,865,,,,,,,
TRIP.MX,540.0,2022/01/26,12:17 CST,0.0,0.0,540.0,540.0,0,,,,,,,
TRIN.MX,2170.15,2022/01/26,14:29 CST,0.0,0.0,2170.15,2170.15,0,,,,,,,
TREX1.MX,1783.5,2022/01/28,14:14 CST,0.0,0.0,1783.5,1783.5,0,,,,,,,
TRAXIONA.MX,33.38,2022/02/01,11:48 CST,0.54999924,33.0,34.0,32.54,205369,,,,,,,
TMMA.MX,2.79,2022/02/01,11:35 CST,-0.029999971,2.84,2.93,2.79,29373,,,,,,,
TMEN.MX,129.99,2022/01/24,14:38 CST,0.0,0.0,129.99,129.99,0,,,,,,,
TLEVISACPO.MX,42.96,2022/02/01,11:48 CST,0.91999817,41.92,43.75,41.81,1157965,,,,,,,
TKR.MX,1353.0,2022/01/28,11:52 CST,0.0,0.0,1353.0,1353.0,0,,,,,,,
TJX.MX,1453.3,2022/01/26,13:41 CST,0.0,0.0,1453.3,1453.3,0,,,,,,,
TIGRN.MX,90.0,2022/01/31,12:26 CST,0.0,0.0,90.0,90.0,2,,,,,,,
TGT.MX,4482.99,2022/02/01,11:38 CST,-53.009766,4511.0,4511.0,4482.99,17,,,,,,,
TFC.MX,1310.85,2022/01/25,14:12 CST,0.0,0.0,1310.85,1310.85,0,,,,,,,
TEVAN.MX,179.5,2022/01/26,10:50 CST,0.0,0.0,179.5,179.5,0,,,,,,,
TERRA13.MX,28.9,2022/02/01,11:48 CST,0.02999878,29.0,29.13,28.12,1038819,,,,,,,
TER.MX,2392.15,2022/01/31,14:51 CST,0.0,0.0,2392.15,2392.15,0,,,,,,,
TENB.MX,997.97,2022/01/24,13:59 CST,-10.600037,0.0,997.97,997.97,0,,,,,,,
TEFN.MX,93.0,2022/02/01,08:35 CST,-2.0,93.0,93.0,93.0,14,,,,,,,
TECKN.MX,686.75,2022/01/26,12:51 CST,0.0,0.0,686.75,686.75,0,,,,,,,
TEAKCPO.MX,5.4,2022/01/31,14:19 CST,0.0,0.0,5.4,5.4,206,,,,,,,
TDOC.MX,1625.63,2022/02/01,11:39 CST,45.630005,1650.0,1650.0,1625.63,31,,,,,,,
TALN.MX,57.98,2022/02/01,11:33 CST,-0.020000458,59.0,59.49,54.98,1123,,,,,,,
SYF.MX,883.53,2022/02/01,11:16 CST,11.530029,865.0,883.53,865.0,4133,,,,,,,
SY1N.MX,2542.22,2022/01/25,10:18 CST,0.0,0.0,2542.22,2542.22,0,,,,,,,
SWKS.MX,2906.21,2022/01/27,11:31 CST,0.0,0.0,2906.21,2906.21,0,,,,,,,
SWAV.MX,2766.0,2022/01/28,14:21 CST,-26.48999,0.0,2766.0,2766.0,0,,,,,,,
SUUN.MX,582.66,2022/01/31,13:46 CST,0.0,0.0,582.66,582.66,0,,,,,,,
SUN.MX,3419.16,2022/01/28,10:35 CST,0.0,0.0,3419.16,3419.16,0,,,,,,,
STZ.MX,4913.99,2022/01/28,08:51 CST,0.0,0.0,4913.99,4913.99,0,,,,,,,
STXN.MX,2233.0,2022/02/01,10:49 CST,109.0,2233.0,2233.0,2233.0,484,,,,,,,
STWD.MX,508.17,2022/02/01,09:56 CST,8.170013,508.17,508.17,508.17,11,,,,,,,
STT.MX,1932.0,2022/01/27,14:49 CST,0.0,0.0,1932.0,1932.0,0,,,,,,,
STOR.MX,640.0,2022/01/31,14:57 CST,0.0,0.0,640.0,640.0,0,,,,,,,
STNN.MX,1074.14,2022/01/27,14:37 CST,0.0,0.0,1074.14,1074.14,0,,,,,,,
STN.MX,1174.0,2022/01/31,14:48 CST,0.0,0.0,1174.0,1174.0,0,,,,,,,
STLD.MX,1142.0,2022/01/31,13:31 CST,0.0,0.0,1142.0,1142.0,0,,,,,,,
STAG.MX,850.0,2022/01/25,10:39 CST,0.0,0.0,850.0,850.0,0,,,,,,,
SSNC.MX,1605.96,2022/01/28,10:22 CST,0.0,0.0,1605.96,1605.96,0,,,,,,,
SRE.MX,2853.69,2022/01/31,14:59 CST,10.109863,0.0,2853.69,2853.69,0,,,,,,,
SQ.MX,2600.0,2022/02/01,11:33 CST,96.86011,2610.0,2650.0,2504.81,1305,,,,,,,
SPY212R-DC140.MX,94.0,2022/01/28,10:31 CST,0.0,0.0,94.0,94.0,0,,,,,,,
SPOTN.MX,4080.0,2022/02/01,08:49 CST,74.98999,4080.0,4080.0,4080.0,90,,,,,,,
SPORTS.MX,4.75,2022/02/01,10:40 CST,-0.010000229,4.75,4.75,4.73,9671,,,,,,,
SPLK.MX,2554.4,2022/01/31,14:54 CST,0.0,0.0,2554.4,2554.4,0,,,,,,,
SPGI.MX,8657.98,2022/01/31,14:55 CST,115.30078,0.0,8657.98,8657.98,0,,,,,,,
SPG.MX,2993.0,2022/01/28,11:15 CST,0.0,0.0,2993.0,2993.0,0,,,,,,,
SPCE.MX,198.0,2022/02/01,11:47 CST,7.6799927,192.51,202.49,189.0,64837,,,,,,,
SOWN.MX,783.54,2022/01/31,09:10 CST,0.0,0.0,783.54,783.54,0,,,,,,,
SORIANAB.MX,23.29,2022/02/01,09:36 CST,-0.0099983215,22.76,23.29,22.76,1220,,,,,,,
SONYN.MX,2330.0,2022/02/01,08:30 CST,30.0,2330.0,2330.0,2330.0,18,,,,,,,
SOLN.MX,111.8,2022/02/01,11:30 CST,1.090004,111.0,115.19,109.81,972,,,,,,,
SOFTN.MX,868.7,2022/01/27,10:54 CST,0.0,0.0,868.7,868.7,0,,,,,,,
SOFI.MX,269.5,2022/02/01,11:40 CST,12.51001,257.97,279.29,255.0,3110,,,,,,,
SNPN.MX,1075.09,2022/02/01,10:48 CST,-14.910034,1075.09,1075.09,1075.09,21,,,,,,,
SNOW.MX,5700.0,2022/02/01,08:31 CST,114.799805,5700.0,5700.0,5700.0,6,,,,,,,
SNCN.MX,431.87,2022/01/27,14:41 CST,0.0,0.0,431.87,431.87,0,,,,,,,
SNAP.MX,690.43,2022/02/01,10:28 CST,28.429993,669.11,690.43,669.11,20,,,,,,,
SLBN.MX,810.56,2022/02/01,09:15 CST,-0.3499756,810.56,810.56,810.56,142,,,,,,,
SLAB.MX,3235.24,2022/01/27,12:23 CST,0.0,0.0,3235.24,3235.24,0,,,,,,,
SKLZ.MX,98.0,2022/02/01,11:26 CST,-0.51999664,98.75,98.75,96.0,188,,,,,,,
SJM.MX,2907.0,2022/01/27,11:06 CST,0.0,0.0,2907.0,2907.0,0,,,,,,,
SIVB.MX,12073.05,2022/02/01,09:17 CST,465.5996,12073.05,12073.05,12073.05,39,,,,,,,
SITESB-1.MX,21.98,2022/02/01,11:48 CST,0.19999886,21.41,22.4,21.41,374796,,,,,,,
SIMECB.MX,175.06,2022/02/01,11:43 CST,-4.9400024,175.02,176.0,175.02,820,,,,,,,
SIKAN.MX,5983.69,2022/01/28,10:36 CST,0.0,0.0,5983.69,5983.69,10,,,,,,,
SIDN.MX,95.0,2022/01/27,13:59 CST,0.0,0.0,95.0,95.0,2,,,,,,,
SI.MX,1870.0,2022/01/28,09:34 CST,0.0,0.0,1870.0,1870.0,0,,,,,,,
SHW.MX,5892.0,2022/01/31,14:23 CST,0.0,0.0,5892.0,5892.0,0,,,,,,,
SHOPN.MX,20218.39,2022/02/01,11:02 CST,448.39062,19722.7,20218.39,19722.7,48,,,,,,,
SEN.MX,3175.0,2022/02/01,11:33 CST,67.0,3175.5,3175.5,3175.0,84,,,,,,,
SEIC.MX,1208.61,2022/01/25,14:15 CST,7.089966,0.0,1208.61,1208.61,0,,,,,,,
SEDGN.MX,4490.0,2022/01/28,11:14 CST,66.279785,0.0,4490.0,4490.0,0,,,,,,,
SDC.MX,53.5,2022/02/01,11:42 CST,2.5,52.0,53.5,52.0,274,,,,,,,
SCHPN.MX,5145.58,2022/01/28,10:22 CST,0.0,0.0,5145.58,5145.58,0,,,,,,,
SCCO.MX,1331.0,2022/01/25,13:29 CST,0.0,0.0,1331.0,1331.0,0,,,,,,,
SBUX.MX,2010.0,2022/02/01,11:37 CST,0.0,2015.0,2015.0,2000.0,330,,,,,,,
SBSWN.MX,290.0,2022/01/31,09:12 CST,0.0,0.0,290.0,290.0,0,,,,,,,
SBNY.MX,6350.0,2022/01/31,13:56 CST,0.0,0.0,6350.0,6350.0,0,,,,,,,
SAVA.MX,1009.0,2022/02/01,10:14 CST,239.0,960.0,1009.0,960.0,134,,,,,,,
SAP2N.MX,455.63,2022/01/27,14:41 CST,0.0,0.0,455.63,455.63,0,,,,,,,
SAP1N.MX,2715.94,2022/01/25,10:40 CST,0.0,0.0,2715.94,2715.94,1267,,,,,,,
SAN.MX,67.0,2022/02/01,11:20 CST,-3.75,66.0,67.0,66.0,1740,,,,,,,
SAMPON.MX,995.03,2022/01/26,10:45 CST,0.0,0.0,995.03,995.03,0,,,,,,,
RVLV.MX,1057.0,2022/02/01,10:32 CST,142.0,1050.0,1057.0,1050.0,20,,,,,,,
RUN.MX,550.0,2022/02/01,08:41 CST,22.0,550.0,550.0,550.0,49,,,,,,,
RSGA.MX,2627.2,2022/01/31,14:20 CST,0.0,0.0,2627.2,2627.2,0,,,,,,,
ROVIN.MX,1541.12,2022/02/01,09:22 CST,75.829956,1541.12,1541.12,1541.12,987,,,,,,,
ROST.MX,1992.0,2022/01/31,10:05 CST,0.0,0.0,1992.0,1992.0,0,,,,,,,
ROKU.MX,3420.0,2022/02/01,11:11 CST,90.0,3420.0,3489.98,3300.03,125,,,,,,,
RNECN.MX,222.13,2022/01/27,10:10 CST,0.0,0.0,222.13,222.13,0,,,,,,,
RMD.MX,4695.0,2022/01/31,11:54 CST,0.0,0.0,4695.0,4695.0,0,,,,,,,
RIOT.MX,334.02,2022/02/01,11:43 CST,8.019989,331.0,349.99,325.0,5923,,,,,,,
RIGN.MX,71.0,2022/02/01,10:57 CST,5.800003,68.4,71.0,68.4,282,,,,,,,
RH.MX,8530.0,2022/02/01,10:44 CST,330.0,8530.0,8530.0,8530.0,74,,,,,,,
REV.MX,200.0,2022/01/26,13:56 CST,0.0,0.0,200.0,200.0,0,,,,,,,
REPSN.MX,263.42,2022/02/01,09:23 CST,1.6300049,263.42,263.42,263.42,5457,,,,,,,
REGN.MX,12582.54,2022/02/01,11:08 CST,-97.45996,12582.54,12582.54,12582.54,6,,,,,,,
RCL.MX,1702.39,2022/02/01,11:46 CST,181.39001,1620.0,1702.39,1620.0,852,,,,,,,
RARE.MX,1472.7,2022/01/26,11:11 CST,0.0,0.0,1472.7,1472.7,0,,,,,,,
RACEN.MX,4685.0,2022/01/28,12:59 CST,0.0,0.0,4685.0,4685.0,0,,,,,,,
RA.MX,120.38,2022/02/01,11:47 CST,2.119995,117.56,121.38,116.57,979067,,,,,,,
QVGMEX18.MX,22.78,2022/01/31,14:57 CST,0.0,0.0,22.78,22.78,2,,,,,,,
QS.MX,344.5,2022/02/01,11:48 CST,1.5700073,336.0,346.53,343.54,58,,,,,,,
QRVO.MX,2663.0,2022/01/28,11:22 CST,-37.5,0.0,2663.0,2663.0,0,,,,,,,
QQQ301R-DC028.MX,100.0,2022/01/25,12:31 CST,0.0,0.0,100.0,100.0,0,,,,,,,
QIAN.MX,1001.47,2022/01/28,11:09 CST,0.0,0.0,1001.47,1001.47,0,,,,,,,
QDEL.MX,2120.0,2022/01/25,09:53 CST,-2.2700195,0.0,2120.0,2120.0,0,,,,,,,
Q.MX,110.52,2022/02/01,11:46 CST,-0.91000366,111.17,114.0,110.25,250175,,,,,,,
PXD.MX,4525.0,2022/01/31,13:44 CST,0.0,0.0,4525.0,4525.0,0,,,,,,,
PUKN.MX,688.64,2022/01/25,10:18 CST,0.0,0.0,688.64,688.64,0,,,,,,,
PTON.MX,573.0,2022/02/01,11:39 CST,3.0100098,569.99,582.0,569.99,649,,,,,,,
PRXN.MX,1638.19,2022/01/25,10:39 CST,0.0,0.0,1638.19,1638.19,0,,,,,,,
PROCORPB.MX,7.4,2022/01/26,11:02 CST,0.0,0.0,7.4,7.4,0,,,,,,,
POSADASA.MX,29.5,2022/01/31,08:45 CST,0.0,0.0,29.5,29.5,29,,,,,,,
PODD.MX,4624.53,2022/01/28,10:18 CST,-185.51025,0.0,4624.53,4624.53,0,,,,,,,
POCHTECB.MX,7.35,2022/01/28,14:58 CST,0.1500001,0.0,7.35,7.35,12,,,,,,,
PNDORAN.MX,2176.1,2022/01/28,08:52 CST,-16.039795,0.0,2176.1,2176.1,0,,,,,,,
PLUG.MX,472.0,2022/02/01,11:21 CST,23.0,463.0,472.0,446.0,389,,,,,,,
PLU307L-DC016.MX,100.0,2022/01/28,14:10 CST,0.0,0.0,100.0,100.0,0,,,,,,,
PLTR.MX,293.0,2022/02/01,11:17 CST,9.51001,290.0,299.5,290.0,304,,,,,,,
PLD.MX,3215.0,2022/01/26,12:22 CST,0.0,0.0,3215.0,3215.0,0,,,,,,,
PKI.MX,3479.98,2022/01/26,10:10 CST,0.0,0.0,3479.98,3479.98,0,,,,,,,
PINS.MX,610.9,2022/02/01,11:37 CST,9.900024,601.0,612.0,601.0,10036,,,,,,,
PINFRAL.MX,95.0,2022/02/01,11:05 CST,-2.0100021,94.61,96.0,94.61,10444,,,,,,,
PINFRA.MX,153.04,2022/02/01,11:47 CST,2.5599976,150.39,154.49,149.85,223397,,,,,,,
PHM.MX,1081.49,2022/02/01,08:47 CST,21.04004,1081.26,1081.49,1081.26,700,,,,,,,
PH.MX,6719.0,2022/01/27,09:29 CST,0.0,0.0,6719.0,6719.0,0,,,,,,,
PGR.MX,2224.5,2022/01/31,13:32 CST,0.0,0.0,2224.5,2224.5,0,,,,,,,
PENN.MX,921.0,2022/02/01,09:20 CST,-87.0,921.0,921.0,921.0,10,,,,,,,
PEN.MX,4543.78,2022/02/01,09:26 CST,400.31982,4543.78,4543.78,4543.78,500,,,,,,,
PE&OLES.MX,221.5,2022/02/01,11:48 CST,0.5099945,221.32,222.6,219.0,83227,,,,,,,
PDDN.MX,1200.0,2022/01/31,09:49 CST,0.0,0.0,1200.0,1200.0,0,,,,,,,
PBRN.MX,288.19,2022/02/01,10:08 CST,7.5899963,280.6,288.19,280.6,77,,,,,,,
PBHN.MX,1932.7,2022/01/27,14:41 CST,0.0,0.0,1932.7,1932.7,0,,,,,,,
PBF.MX,352.0,2022/02/01,11:39 CST,22.0,315.01,355.0,315.01,346,,,,,,,
PAYC.MX,6397.75,2022/01/27,10:42 CST,0.0,0.0,6397.75,6397.75,0,,,,,,,
PASAB.MX,13.7,2022/01/31,14:52 CST,0.0,0.0,13.7,13.7,19,,,,,,,
PANW.MX,10000.0,2022/01/25,13:54 CST,0.0,0.0,10000.0,10000.0,0,,,,,,,
PAASN.MX,492.0,2022/01/26,08:30 CST,0.0,0.0,492.0,492.0,0,,,,,,,
OZK.MX,970.5,2022/01/27,14:48 CST,0.0,0.0,970.5,970.5,0,,,,,,,
OXY1.MX,812.19,2022/02/01,10:12 CST,49.880005,812.19,812.19,812.19,49,,,,,,,
OTEXN.MX,947.14,2022/01/27,14:41 CST,0.0,0.0,947.14,947.14,0,,,,,,,
OSTK.MX,847.48,2022/01/24,12:00 CST,-51.360046,0.0,847.48,847.48,0,,,,,,,
ORSTEDN.MX,2126.73,2022/02/01,10:02 CST,-44.120117,2126.73,2126.73,2126.73,545,,,,,,,
ORPN.MX,909.05,2022/01/27,10:52 CST,-65.02002,0.0,909.05,909.05,0,,,,,,,
ORLY.MX,13213.0,2022/01/27,13:44 CST,0.0,0.0,13213.0,13213.0,0,,,,,,,
ORBIA.MX,48.9,2022/02/01,11:47 CST,0.73000336,48.09,48.9,48.08,610742,,,,,,,
ORANN.MX,237.0,2022/01/27,08:30 CST,0.0,0.0,237.0,237.0,0,,,,,,,
OPK.MX,63.0,2022/02/01,11:28 CST,1.9900017,63.0,63.0,63.0,14,,,,,,,
OPIUSA.MX,509.3,2022/01/28,11:52 CST,0.0,0.0,509.3,509.3,0,,,,,,,
OPEN1.MX,179.0,2022/01/27,09:44 CST,0.0,0.0,179.0,179.0,1,,,,,,,
ON.MX,1197.0,2022/01/27,09:31 CST,0.0,0.0,1197.0,1197.0,1211,,,,,,,
OMAB.MX,140.49,2022/02/01,11:48 CST,2.3400116,138.26,140.49,137.97,500673,,,,,,,
OKTA.MX,4050.0,2022/01/31,11:45 CST,0.0,0.0,4050.0,4050.0,0,,,,,,,
OGN.MX,651.92,2022/01/27,09:30 CST,0.0,0.0,651.92,651.92,0,,,,,,,
ODFL.MX,6106.0,2022/01/26,13:52 CST,0.0,0.0,6106.0,6106.0,0,,,,,,,
OCGN.MX,77.54,2022/02/01,10:46 CST,16.34,77.54,77.54,77.54,225,,,,,,,
O.MX,1445.0,2022/01/25,11:20 CST,0.0,0.0,1445.0,1445.0,0,,,,,,,
NXPIN.MX,4119.16,2022/01/25,14:12 CST,0.0,0.0,4119.16,4119.16,280,,,,,,,
NVTA.MX,227.64,2022/01/31,13:27 CST,0.0,0.0,227.64,227.64,4,,,,,,,
NVCRN.MX,1386.2,2022/01/26,11:12 CST,73.28992,0.0,1386.2,1386.2,0,,,,,,,
NVAX.MX,2005.0,2022/02/01,10:40 CST,108.19995,1970.0,2005.0,1900.0,2579,,,,,,,
NUE.MX,2178.0,2022/02/01,10:26 CST,84.44995,2178.0,2178.0,2178.0,18,,,,,,,
NTRN.MX,1445.0,2022/01/28,09:27 CST,0.0,0.0,1445.0,1445.0,0,,,,,,,
NTESN.MX,2111.0,2022/02/01,11:03 CST,1.0,2111.0,2111.0,2111.0,177,,,,,,,
NSC.MX,5455.32,2022/01/27,13:51 CST,0.0,0.0,5455.32,5455.32,0,,,,,,,
NOWW.MX,10520.5,2022/01/26,13:13 CST,0.0,0.0,10520.5,10520.5,1,,,,,,,
NOVOBN.MX,1992.54,2022/01/28,08:52 CST,0.0,0.0,1992.54,1992.54,0,,,,,,,
NOKN.MX,121.57,2022/02/01,11:31 CST,1.5599976,121.0,121.57,120.01,58,,,,,,,
NOC.MX,7877.0,2022/01/28,09:15 CST,0.0,0.0,7877.0,7877.0,0,,,,,,,
NLSNN.MX,375.0,2022/01/27,10:33 CST,0.0,0.0,375.0,375.0,0,,,,,,,
NKLA.MX,170.0,2022/02/01,11:43 CST,3.7700043,166.23,175.48,166.23,6545,,,,,,,
NION.MX,504.6,2022/02/01,11:47 CST,-0.32000732,508.29,519.95,484.01,60942,,,,,,,
NIDECN.MX,1735.1,2022/01/27,10:11 CST,0.0,0.0,1735.1,1735.1,0,,,,,,,
NGN.MX,126.0,2022/01/28,09:02 CST,0.0,0.0,126.0,126.0,0,,,,,,,
NFX301L-DC157.MX,100.0,2022/01/28,14:10 CST,0.0,0.0,100.0,100.0,0,,,,,,,
NFX301L-DC156.MX,100.0,2022/01/26,13:46 CST,0.0,0.0,100.0,100.0,0,,,,,,,
NFX301L-DC155.MX,100.0,2022/01/25,12:31 CST,0.0,0.0,100.0,100.0,0,,,,,,,
NET.MX,2114.69,2022/02/01,11:15 CST,444.68994,2056.0,2114.69,2056.0,41,,,,,,,
NESTEN.MX,914.92,2022/01/31,09:11 CST,0.0,0.0,914.92,914.92,0,,,,,,,
NEMAKA.MX,5.63,2022/02/01,11:46 CST,0.23000002,5.39,5.69,5.36,7816318,,,,,,,
NEM.MX,1254.45,2022/02/01,11:00 CST,0.0,1254.45,1254.45,1254.45,22,,,,,,,
NDAQ.MX,3680.51,2022/01/26,13:14 CST,37.149902,0.0,3680.51,3680.51,0,,,,,,,
NDAN.MX,246.88,2022/02/01,10:01 CST,4.450012,246.88,246.88,246.88,3095,,,,,,,
NCLHN.MX,449.98,2022/02/01,11:47 CST,20.839996,430.0,450.55,430.0,931,,,,,,,
NAN.MX,1636.57,2022/01/27,14:40 CST,0.0,0.0,1636.57,1636.57,0,,,,,,,
NAFTRACISHRS.MX,51.46,2022/02/01,11:37 CST,0.099998474,51.49,51.64,51.33,2057032,,,,,,,
MUX.MX,18.5,2022/01/25,14:26 CST,0.0,0.0,18.5,18.5,0,,,,,,,
MUFGN.MX,124.01,2022/02/01,09:24 CST,8.209999,124.01,124.01,124.01,10,,,,,,,
MU.MX,1670.0,2022/02/01,11:44 CST,-10.22998,1680.0,1685.51,1658.04,1322,,,,,,,
MTXN.MX,4319.07,2022/01/28,11:14 CST,0.0,0.0,4319.07,4319.07,0,,,,,,,
MTTR.MX,180.0,2022/01/27,13:55 CST,0.0,0.0,180.0,180.0,0,,,,,,,
MTL307L-DC022.MX,100.0,2022/01/25,12:31 CST,0.0,0.0,100.0,100.0,0,,,,,,,
MSTR.MX,7751.0,2022/02/01,10:44 CST,118.700195,7782.39,7809.0,7625.0,422,,,,,,,
MSF301L-DC054.MX,100.0,2022/01/27,14:14 CST,0.0,0.0,100.0,100.0,0,,,,,,,
MSCI.MX,10335.0,2022/01/28,11:25 CST,0.0,0.0,10335.0,10335.0,0,,,,,,,
MRVL1.MX,1450.96,2022/01/31,14:50 CST,0.0,0.0,1450.96,1450.96,0,,,,,,,
MRUN.MX,1101.8,2022/01/28,14:31 CST,0.0,0.0,1101.8,1101.8,0,,,,,,,
MRO.MX,417.5,2022/02/01,09:23 CST,19.200012,417.5,417.5,417.5,219,,,,,,,
MRNA.MX,3533.28,2022/02/01,11:41 CST,40.28003,3625.0,3625.0,3452.67,4417,,,,,,,
MRK301L-DC004.MX,95.7,2022/01/28,10:29 CST,0.0,0.0,95.7,95.7,0,,,,,,,
MP.MX,1218.64,2022/02/01,11:48 CST,3.869995,1214.77,1221.3,1213.7,0,,,,,,,
MOS.MX,886.0,2022/02/01,11:30 CST,54.799988,862.0,888.1,862.0,1139,,,,,,,
MONEXB.MX,12.0,2022/01/31,14:52 CST,0.0,0.0,12.0,12.0,3,,,,,,,
MOMON.MX,203.0,2022/02/01,09:49 CST,22.0,200.0,203.0,200.0,289,,,,,,,
MO.MX,1040.0,2022/02/01,09:03 CST,-19.98999,1040.0,1040.0,1040.0,21,,,,,,,
MNST.MX,1786.0,2022/01/31,13:25 CST,0.0,0.0,1786.0,1786.0,0,,,,,,,
MNSON.MX,185.05,2022/01/28,10:53 CST,-9.569992,0.0,185.05,185.05,1,,,,,,,
MMS.MX,1595.24,2022/01/26,10:10 CST,0.0,0.0,1595.24,1595.24,0,,,,,,,
MMM.MX,3420.0,2022/02/01,10:16 CST,70.0,3420.0,3420.0,3420.0,28,,,,,,,
MMC.MX,3168.0,2022/01/31,14:48 CST,0.0,0.0,3168.0,3168.0,0,,,,,,,
MLM.MX,7945.5,2022/01/31,13:47 CST,0.0,0.0,7945.5,7945.5,0,,,,,,,
MKTX.MX,7323.32,2022/01/25,08:59 CST,0.0,0.0,7323.32,7323.32,0,,,,,,,
MKC.MX,2040.0,2022/01/27,08:33 CST,0.0,0.0,2040.0,2040.0,0,,,,,,,
MINSAB.MX,7.68,2022/02/01,10:30 CST,0.0,7.68,7.68,7.68,204,,,,,,,
MGM.MX,880.0,2022/01/31,13:46 CST,0.0,0.0,880.0,880.0,2,,,,,,,
MGAN.MX,1655.08,2022/02/01,08:38 CST,31.72998,1655.08,1655.08,1655.08,35,,,,,,,
MFRISCOA-1.MX,3.42,2022/02/01,10:53 CST,-0.029999971,3.41,3.42,3.41,3762,,,,,,,
MFCN.MX,424.48,2022/01/27,14:38 CST,0.0,0.0,424.48,424.48,0,,,,,,,
MEXTRAC09.MX,43.79,2022/02/01,10:14 CST,-0.09000015,43.97,43.97,43.79,47757,,,,,,,
MET.MX,1407.0,2022/02/01,10:04 CST,49.94995,1407.0,1407.0,1407.0,26,,,,,,,
MELIN.MX,23050.0,2022/02/01,11:41 CST,-250.0,22764.3,23050.0,22764.3,88,,,,,,,
MEGACPO.MX,66.06,2022/02/01,11:47 CST,-0.38000488,67.65,67.65,65.51,127236,,,,,,,
MEDP.MX,3617.56,2022/02/01,10:16 CST,-578.43994,3617.56,3617.56,3617.56,224,,,,,,,
MEDICAB.MX,51.0,2022/01/28,14:45 CST,0.0,0.0,51.0,51.0,151,,,,,,,
MDLZ.MX,1380.0,2022/01/31,13:59 CST,0.0,0.0,1380.0,1380.0,0,,,,,,,
MDB.MX,7648.0,2022/01/28,14:11 CST,0.0,0.0,7648.0,7648.0,0,,,,,,,
MCO.MX,7016.37,2022/01/31,14:19 CST,0.0,0.0,7016.37,7016.37,0,,,,,,,
MCMN.MX,292.75,2022/02/01,09:24 CST,-23.769989,292.75,292.75,292.75,2257,,,,,,,
MCK.MX,5263.77,2022/01/27,13:32 CST,0.0,0.0,5263.77,5263.77,2,,,,,,,
MCHP.MX,1561.6,2022/01/26,09:20 CST,0.0,0.0,1561.6,1561.6,0,,,,,,,
MAXCOMA.MX,2.02,2022/02/01,10:32 CST,-0.029999971,2.02,2.02,2.02,1039,,,,,,,
MAT.MX,440.0,2022/01/31,11:24 CST,0.0,0.0,440.0,440.0,0,,,,,,,
MASI.MX,4455.45,2022/01/26,13:13 CST,0.0,0.0,4455.45,4455.45,0,,,,,,,
MARA.MX,500.01,2022/02/01,11:35 CST,17.76001,488.18,520.0,475.81,22932,,,,,,,
MAR.MX,3251.42,2022/01/25,14:11 CST,0.0,0.0,3251.42,3251.42,0,,,,,,,
MAERSKBN.MX,72097.28,2022/01/28,09:58 CST,0.0,0.0,72097.28,72097.28,0,,,,,,,
M.MX,541.5,2022/02/01,09:40 CST,20.109985,521.39,541.5,521.39,1071,,,,,,,
LYV.MX,2215.0,2022/01/31,11:30 CST,0.0,0.0,2215.0,2215.0,0,,,,,,,
LYGN.MX,57.0,2022/01/27,12:08 CST,0.0,0.0,57.0,57.0,0,,,,,,,
LYFT.MX,789.76,2022/01/31,14:50 CST,0.0,0.0,789.76,789.76,2,,,,,,,
LYBN.MX,1900.0,2022/01/25,13:30 CST,0.0,0.0,1900.0,1900.0,0,,,,,,,
LWRKN.MX,448.37,2022/01/27,14:40 CST,0.0,0.0,448.37,448.37,0,,,,,,,
LW.MX,1317.0,2022/02/01,10:55 CST,-79.0,1317.0,1317.0,1317.0,299,,,,,,,
LVS.MX,920.0,2022/02/01,11:05 CST,15.01001,905.0,922.58,905.0,319,,,,,,,
LUV.MX,917.61,2022/02/01,11:12 CST,17.599976,900.01,935.0,900.01,141,,,,,,,
LUMN.MX,251.25,2022/01/26,11:21 CST,0.0,0.0,251.25,251.25,1,,,,,,,
LULU.MX,7052.79,2022/02/01,09:53 CST,96.3999,6939.0,7052.79,6939.0,39,,,,,,,
LSEN.MX,1984.42,2022/02/01,10:02 CST,43.100098,1984.42,1984.42,1984.42,370,,,,,,,
LREN.MX,122.26,2022/02/01,09:23 CST,6.3899994,122.26,122.26,122.26,3496,,,,,,,
LRCX.MX,11849.2,2022/01/31,10:32 CST,0.0,0.0,11849.2,11849.2,0,,,,,,,
LONNN.MX,13611.28,2022/01/26,10:01 CST,-483.41016,0.0,13611.28,13611.28,0,,,,,,,
LOGN.MX,406.05,2022/01/25,09:33 CST,-9.809998,0.0,406.05,406.05,0,,,,,,,
LOGIN.MX,1651.0,2022/01/26,09:45 CST,0.0,0.0,1651.0,1651.0,0,,,,,,,
LMT.MX,8024.7,2022/01/31,13:51 CST,0.0,0.0,8024.7,8024.7,2,,,,,,,
LMND.MX,680.0,2022/02/01,11:45 CST,15.0,690.0,709.5,680.0,129,,,,,,,
LIVEPOLC-1.MX,96.0,2022/02/01,11:47 CST,1.5100021,94.65,97.8,94.46,141216,,,,,,,
LIVCK15.MX,100.0,2022/02/01,08:37 CST,-100.0,,,,,,,,,,,
LITBN.MX,22.0,2022/01/28,12:37 CST,0.0,0.0,22.0,22.0,3,,,,,,,
LINN.MX,6571.56,2022/01/31,14:55 CST,0.0,0.0,6571.56,6571.56,0,,,,,,,
LICYN.MX,156.6,2022/01/26,10:48 CST,0.0,0.0,156.6,156.6,0,,,,,,,
LIAN.MX,535.0,2022/01/31,09:57 CST,0.0,0.0,535.0,535.0,2,,,,,,,
LHX.MX,4470.58,2022/01/27,13:11 CST,0.0,0.0,4470.58,4470.58,0,,,,,,,
LGENN.MX,79.74,2022/01/25,10:18 CST,0.0,0.0,79.74,79.74,0,,,,,,,
LEVI.MX,443.22,2022/01/31,12:09 CST,0.0,0.0,443.22,443.22,0,,,,,,,
LCII.MX,2411.25,2022/01/27,14:47 CST,-102.34009,0.0,2411.25,2411.25,0,,,,,,,
LCID.MX,603.01,2022/02/01,11:44 CST,4.0599976,615.0,623.23,590.49,54333,,,,,,,
LAZR.MX,291.5,2022/01/31,10:42 CST,0.0,0.0,291.5,291.5,0,,,,,,,
LAMOSA.MX,118.0,2022/02/01,11:37 CST,-2.7300034,118.0,118.0,118.0,500,,,,,,,
LALAB.MX,15.7,2022/02/01,11:15 CST,-0.07000065,15.7,15.7,15.7,1749,,,,,,,
LACOMERUBC.MX,34.58,2022/02/01,11:45 CST,0.2800026,34.3,34.6,33.41,184203,,,,,,,
LABB.MX,20.58,2022/02/01,11:46 CST,0.09000015,20.56,20.64,20.35,300293,,,,,,,
KXSN.MX,2452.96,2022/01/27,14:40 CST,0.0,0.0,2452.96,2452.96,0,,,,,,,
KUOB.MX,45.0,2022/01/26,14:41 CST,0.0,0.0,45.0,45.0,0,,,,,,,
KUOA.MX,50.49,2022/01/31,08:30 CST,0.0,0.0,50.49,50.49,0,,,,,,,
KSS.MX,1219.0,2022/01/28,09:17 CST,0.0,0.0,1219.0,1219.0,0,,,,,,,
KR.MX,970.0,2022/01/24,13:32 CST,0.0,0.0,970.0,970.0,0,,,,,,,
KPNN.MX,67.98,2022/01/31,09:09 CST,0.0,0.0,67.98,67.98,0,,,,,,,
KOFUBL.MX,107.85,2022/02/01,11:47 CST,-0.41999817,109.39,109.39,107.21,148445,,,,,,,
KMI.MX,355.0,2022/01/28,12:15 CST,0.0,0.0,355.0,355.0,0,,,,,,,
KMB.MX,2830.0,2022/01/28,09:23 CST,-67.83008,0.0,2830.0,2830.0,0,,,,,,,
KLN.MX,804.0,2022/01/25,08:48 CST,0.0,0.0,804.0,804.0,0,,,,,,,
KLAC.MX,7713.7,2022/01/28,10:24 CST,0.0,0.0,7713.7,7713.7,0,,,,,,,
KKRC.MX,1430.0,2022/01/31,13:02 CST,0.0,0.0,1430.0,1430.0,0,,,,,,,
KIMBERA.MX,29.62,2022/02/01,11:48 CST,-0.1799984,29.53,29.87,29.53,1366415,,,,,,,
KHC.MX,708.5,2022/02/01,11:45 CST,-36.0,735.0,735.0,708.5,63,,,,,,,
KGXN.MX,1914.67,2022/01/26,10:45 CST,0.0,0.0,1914.67,1914.67,0,,,,,,,
KEYN.MX,10580.34,2022/01/26,10:26 CST,0.0,0.0,10580.34,10580.34,0,,,,,,,
KERN.MX,14937.27,2022/01/28,08:52 CST,0.0,0.0,14937.27,14937.27,0,,,,,,,
KD.MX,344.14,2022/02/01,09:57 CST,25.640015,344.14,344.14,344.14,104,,,,,,,
K.MX,1300.0,2022/01/31,13:36 CST,0.0,0.0,1300.0,1300.0,1,,,,,,,
JWN.MX,475.0,2022/02/01,10:20 CST,10.0,475.0,475.0,475.0,10,,,,,,,
JMIAN.MX,186.0,2022/02/01,10:32 CST,9.0,186.0,186.0,186.0,29,,,,,,,
JKSN.MX,800.0,2022/01/28,13:20 CST,0.0,0.0,800.0,800.0,0,,,,,,,
JBLU.MX,287.62,2022/01/27,10:07 CST,0.0,0.0,287.62,287.62,4,,,,,,,
IVVPESOISHRS.MX,81.12,2022/02/01,10:59 CST,0.62000275,80.99,82.0,80.95,6586,,,,,,,
ITXN.MX,618.31,2022/02/01,10:02 CST,-7.6900024,624.53,624.53,618.31,2657,,,,,,,
ITRKN.MX,1490.43,2022/01/28,10:34 CST,0.0,0.0,1490.43,1490.43,0,,,,,,,
ISRG.MX,5880.7,2022/02/01,11:04 CST,69.84033,5835.0,5880.7,5835.0,920,,,,,,,
IQV.MX,5012.0,2022/02/01,11:22 CST,-10.899902,5012.0,5012.0,5012.0,19,,,,,,,
IPGP.MX,3174.5,2022/02/01,10:53 CST,-326.55005,3174.5,3174.5,3174.5,720,,,,,,,
IP.MX,981.0,2022/01/24,12:42 CST,0.0,0.0,981.0,981.0,0,,,,,,,
INO.MX,84.01,2022/01/31,12:35 CST,0.0,0.0,84.01,84.01,6,,,,,,,
IMBN.MX,492.36,2022/01/27,14:20 CST,0.0,0.0,492.36,492.36,0,,,,,,,
ILMN.MX,7075.96,2022/01/26,10:14 CST,0.0,0.0,7075.96,7075.96,0,,,,,,,
IFCN.MX,2768.05,2022/01/27,14:40 CST,0.0,0.0,2768.05,2768.05,0,,,,,,,
IEX.MX,4408.0,2022/01/25,12:36 CST,0.0,0.0,4408.0,4408.0,0,,,,,,,
IDXX.MX,10088.34,2022/01/28,14:24 CST,0.0,0.0,10088.34,10088.34,0,,,,,,,
ICLRN.MX,5235.13,2022/01/26,10:19 CST,0.0,0.0,5235.13,5235.13,0,,,,,,,
ICHB.MX,195.2,2022/02/01,11:40 CST,-0.69999695,198.45,198.45,192.0,9116,,,,,,,
ICE.MX,2518.25,2022/01/25,09:11 CST,0.0,0.0,2518.25,2518.25,0,,,,,,,
IBKR.MX,1355.4,2022/01/27,14:47 CST,0.0,0.0,1355.4,1355.4,0,,,,,,,
IBEN.MX,234.1,2022/01/26,11:30 CST,0.0,0.0,234.1,234.1,3,,,,,,,
IAG1N.MX,1316.57,2022/01/27,14:39 CST,0.0,0.0,1316.57,1316.57,0,,,,,,,
HUTN.MX,105.0,2022/01/24,14:27 CST,-9.879997,0.0,105.0,105.0,0,,,,,,,
HPQ.MX,731.07,2022/01/28,11:50 CST,0.0,0.0,731.07,731.07,4,,,,,,,
HPE.MX,328.5,2022/01/26,09:42 CST,0.0,0.0,328.5,328.5,0,,,,,,,
HOTEL.MX,4.25,2022/02/01,11:42 CST,0.07000017,4.16,4.25,4.16,3689,,,,,,,
HOOD.MX,305.0,2022/02/01,10:14 CST,45.0,293.8,310.0,293.8,3244,,,,,,,
HOMEX.MX,0.047,2022/02/01,11:48 CST,-0.001000002,0.047,0.048,0.047,159623,,,,,,,
HOLNN.MX,1131.23,2022/02/01,10:09 CST,20.23999,1131.23,1131.23,1131.23,3073,,,,,,,
HMYN.MX,77.55,2022/01/26,12:48 CST,0.0,0.0,77.55,77.55,0,,,,,,,
HMCN.MX,608.0,2022/01/25,14:40 CST,0.0,0.0,608.0,608.0,0,,,,,,,
HLT.MX,2980.0,2022/01/31,14:49 CST,0.0,0.0,2980.0,2980.0,0,,,,,,,
HERDEZ.MX,34.15,2022/02/01,11:48 CST,0.05000305,33.34,34.34,33.34,11454,,,,,,,
HCITY.MX,4.74,2022/02/01,11:35 CST,0.069999695,4.68,4.8,4.68,70718,,,,,,,
HALO.MX,679.74,2022/01/26,10:10 CST,0.0,0.0,679.74,679.74,0,,,,,,,
HAL.MX,650.0,2022/01/28,11:48 CST,0.0,0.0,650.0,650.0,0,,,,,,,
GWRE.MX,1963.5,2022/01/27,14:48 CST,0.0,0.0,1963.5,1963.5,0,,,,,,,
GT.MX,439.0,2022/02/01,10:49 CST,28.0,439.0,439.0,439.0,95,,,,,,,
GSKN.MX,915.1,2022/01/25,14:53 CST,0.0,0.0,915.1,915.1,0,,,,,,,
GSK1N.MX,456.52,2022/01/26,10:01 CST,0.0,0.0,456.52,456.52,0,,,,,,,
GSANBORB-1.MX,23.0,2022/01/31,14:04 CST,0.0,0.0,23.0,23.0,35,,,,,,,
GRUMAB.MX,270.81,2022/02/01,11:47 CST,1.0100098,270.13,274.42,268.31,236793,,,,,,,
GRMNN.MX,2545.0,2022/01/26,09:26 CST,15.76001,0.0,2545.0,2545.0,0,,,,,,,
GRFPN.MX,240.47,2022/02/01,09:23 CST,-1.3399963,240.47,240.47,240.47,5311,,,,,,,
GPS.MX,365.0,2022/01/31,14:17 CST,0.0,0.0,365.0,365.0,8,,,,,,,
GPROFUT.MX,75.5,2022/01/27,13:48 CST,0.0,0.0,75.5,75.5,98,,,,,,,
GPN.MX,2984.17,2022/01/28,10:05 CST,0.0,0.0,2984.17,2984.17,0,,,,,,,
GOLDN.MX,385.01,2022/02/01,08:53 CST,-10.97998,385.01,385.01,385.01,24,,,,,,,
GOL301L-DC054.MX,100.0,2022/01/27,14:14 CST,0.0,0.0,100.0,100.0,0,,,,,,,
GOL207L-DC055.MX,100.0,2022/01/28,14:10 CST,0.0,0.0,100.0,100.0,0,,,,,,,
GOL207L-DC053.MX,100.0,2022/01/26,13:46 CST,0.0,0.0,100.0,100.0,0,,,,,,,
GNRC.MX,5804.07,2022/02/01,09:18 CST,456.11963,5804.07,5804.07,5804.07,699,,,,,,,
GNP.MX,123.33,2022/02/01,11:05 CST,0.13999939,120.0,123.33,120.0,601,,,,,,,
GMXT.MX,37.35,2022/02/01,11:46 CST,-0.10000229,37.45,37.45,36.89,26823,,,,,,,
GMEXICOB.MX,89.02,2022/02/01,11:47 CST,0.4300003,89.0,90.5,89.0,1006865,,,,,,,
GME.MX,2320.0,2022/02/01,11:27 CST,69.5,2298.0,2385.0,2225.0,566,,,,,,,
GMC301L-DC016.MX,1000.0,2022/01/28,12:59 CST,0.0,0.0,1000.0,1000.0,0,,,,,,,
GMABN.MX,6904.48,2022/01/26,10:03 CST,200.5498,0.0,6904.48,6904.48,0,,,,,,,
GM.MX,1104.29,2022/02/01,11:25 CST,22.950073,1087.8,1118.69,1080.0,1058,,,,,,,
GLXYN.MX,260.0,2022/01/25,09:58 CST,0.0,0.0,260.0,260.0,2,,,,,,,
GLW.MX,870.0,2022/02/01,09:18 CST,-0.5300293,870.0,870.0,870.0,165,,,,,,,
GLNGN.MX,303.5,2022/02/01,11:44 CST,3.5,303.5,303.5,303.5,300,,,,,,,
GLEN.MX,775.56,2022/01/27,10:20 CST,0.0,0.0,775.56,775.56,0,,,,,,,
GISSAA.MX,27.38,2022/02/01,11:44 CST,0.0,27.38,27.38,27.38,2560,,,,,,,
GILN.MX,805.78,2022/01/27,14:38 CST,0.0,0.0,805.78,805.78,0,,,,,,,
GILD.MX,1400.0,2022/02/01,08:39 CST,-17.119995,1400.0,1400.0,1400.0,500,,,,,,,
GIGANTE.MX,28.0,2022/01/26,14:08 CST,0.0,0.0,28.0,28.0,0,,,,,,,
GICSAB.MX,2.07,2022/02/01,11:46 CST,-0.16000009,2.24,2.24,2.04,148216,,,,,,,
GIBAN.MX,1677.31,2022/01/27,14:39 CST,0.0,0.0,1677.31,1677.31,0,,,,,,,
GH.MX,1273.24,2022/01/28,13:31 CST,-35.70996,0.0,1273.24,1273.24,0,,,,,,,
GGBN.MX,109.7,2022/02/01,11:10 CST,2.699997,109.54,109.7,109.54,60001,,,,,,,
GGAN.MX,0.57,2022/02/01,11:42 CST,0.00999999,0.6,0.6,0.57,84,,,,,,,
GFNORTEO.MX,130.8,2022/02/01,11:48 CST,0.05999756,131.5,131.5,128.5,2674342,,,,,,,
GFMULTIO.MX,8.39,2022/01/26,12:47 CST,0.0,0.0,8.39,8.39,0,,,,,,,
GFINBURO.MX,30.56,2022/02/01,11:47 CST,0.80999947,29.82,31.22,29.82,840314,,,,,,,
GFAMSAA.MX,1.37,2022/02/01,11:42 CST,-0.059999943,1.43,1.43,1.31,123233,,,,,,,
GEVO.MX,70.1,2022/02/01,10:34 CST,10.099998,70.1,70.1,70.1,267,,,,,,,
GESTN.MX,94.62,2022/02/01,09:23 CST,1.5200043,94.62,94.62,94.62,5538,,,,,,,
GEO1.MX,147.0,2022/01/28,14:54 CST,0.0,0.0,147.0,147.0,0,,,,,,,
GENTERA.MX,14.75,2022/02/01,11:47 CST,-0.03999996,14.75,14.95,14.55,503488,,,,,,,
GENIUS21.MX,58.0,2022/02/01,11:26 CST,0.54999924,57.45,58.0,57.45,4554,,,,,,,
GEBNN.MX,14001.52,2022/01/31,10:09 CST,0.0,0.0,14001.52,14001.52,0,,,,,,,
GE.MX,1991.0,2022/02/01,11:41 CST,44.77002,1949.8,1991.0,1940.03,120,,,,,,,
GDDY.MX,1487.0,2022/01/31,08:38 CST,0.0,0.0,1487.0,1487.0,0,,,,,,,
GD.MX,4337.0,2022/01/27,09:25 CST,0.0,0.0,4337.0,4337.0,0,,,,,,,
GCON.MX,697.45,2022/02/01,09:24 CST,36.119995,697.45,697.45,697.45,1005,,,,,,,
GCC.MX,144.96,2022/02/01,11:48 CST,-0.47999573,144.6,147.3,144.01,86812,,,,,,,
GCARSOA1.MX,59.15,2022/02/01,11:47 CST,1.4600029,57.97,59.38,56.8,135935,,,,,,,
GBMO.MX,22.55,2022/02/01,11:37 CST,2.9299984,20.0,22.55,20.0,5650,,,,,,,
GAPB.MX,283.36,2022/02/01,11:48 CST,-0.25,282.96,287.42,282.84,528121,,,,,,,
FVRRN.MX,1825.0,2022/02/01,11:41 CST,335.0,1825.0,1825.0,1825.0,92,,,,,,,
FUTUN.MX,812.0,2022/01/28,10:13 CST,-3.4099731,0.0,812.0,812.0,1,,,,,,,
FUNO11.MX,22.1,2022/02/01,11:48 CST,0.8999996,21.88,22.28,21.47,2518505,,,,,,,
FUBO.MX,229.99,2022/02/01,11:47 CST,10.380005,221.0,233.99,216.0,4455,,,,,,,
FTV.MX,1440.03,2022/02/01,10:01 CST,-23.96997,1440.03,1440.03,1440.03,47,,,,,,,
FTNT.MX,6154.0,2022/02/01,10:54 CST,82.0,6154.0,6154.0,6154.0,131,,,,,,,
FTCHN.MX,445.49,2022/01/31,12:42 CST,0.0,0.0,445.49,445.49,1,,,,,,,
FSLY.MX,512.0,2022/01/28,14:39 CST,0.0,0.0,512.0,512.0,11,,,,,,,
FSLR.MX,1586.0,2022/02/01,09:26 CST,-33.0,1594.4,1594.4,1586.0,58,,,,,,,
FSHOP13.MX,6.57,2022/02/01,11:41 CST,0.01999998,6.55,6.58,6.54,8337,,,,,,,
FRTN.MX,567.45,2022/01/25,10:18 CST,0.0,0.0,567.45,567.45,0,,,,,,,
FRES.MX,213.0,2022/02/01,11:45 CST,1.0,213.0,213.0,213.0,243,,,,,,,
FREN.MX,849.22,2022/01/28,11:12 CST,0.0,0.0,849.22,849.22,0,,,,,,,
FRAGUAB.MX,320.0,2022/02/01,11:32 CST,-14.820007,322.0,322.0,320.0,3633,,,,,,,
FPLUS16.MX,7.24,2022/02/01,11:18 CST,-0.21000004,7.24,7.51,7.1,6075,,,,,,,
FORTUMN.MX,557.96,2022/02/01,10:09 CST,-4.25,557.96,557.96,557.96,6140,,,,,,,
FORTALE.MX,18.5,2022/01/28,09:28 CST,0.0,0.0,18.5,18.5,21,,,,,,,
FNVN.MX,2674.01,2022/01/27,14:39 CST,0.0,0.0,2674.01,2674.01,0,,,,,,,
FNOVA17.MX,27.6,2022/02/01,09:19 CST,0.10000038,27.6,27.6,27.6,1089,,,,,,,
FMTY14.MX,12.24,2022/02/01,11:46 CST,-0.05000019,12.3,12.47,12.2,112131,,,,,,,
FLWS.MX,372.0,2022/01/31,13:31 CST,0.0,0.0,372.0,372.0,4,,,,,,,
FLT.MX,4711.18,2022/01/25,14:10 CST,0.0,0.0,4711.18,4711.18,0,,,,,,,
FLEXN.MX,329.73,2022/01/27,14:06 CST,0.0,0.0,329.73,329.73,0,,,,,,,
FL.MX,946.55,2022/01/25,11:23 CST,0.0,0.0,946.55,946.55,0,,,,,,,
FIZZ.MX,889.65,2022/01/24,14:16 CST,0.0,0.0,889.65,889.65,0,,,,,,,
FISV.MX,2095.0,2022/01/27,14:48 CST,0.0,0.0,2095.0,2095.0,0,,,,,,,
FIS.MX,2480.5,2022/02/01,09:18 CST,33.5,2480.5,2480.5,2480.5,200,,,,,,,
FINN13.MX,3.57,2022/02/01,11:45 CST,-0.00999999,3.57,3.57,3.51,3566,,,,,,,
FINDEP.MX,8.0,2022/01/31,12:12 CST,0.0,0.0,8.0,8.0,13,,,,,,,
FIHO12.MX,6.0,2022/02/01,11:15 CST,-0.03000021,6.03,6.03,5.87,56473,,,,,,,
FICO1.MX,8777.0,2022/01/26,10:31 CST,0.0,0.0,8777.0,8777.0,0,,,,,,,
FIBRAUP18.MX,35.2,2022/01/25,11:15 CST,0.0,0.0,35.2,35.2,44,,,,,,,
FIBRATC14.MX,18.14,2022/01/31,14:28 CST,0.0,0.0,18.14,18.14,54,,,,,,,
FIBRAPL14.MX,51.58,2022/02/01,11:45 CST,0.27000046,51.52,52.14,50.9,514758,,,,,,,
FIBRAMQ12.MX,24.14,2022/02/01,11:46 CST,0.1099987,24.14,24.35,23.7,27715,,,,,,,
FIBRAHD15.MX,2.93,2022/02/01,10:15 CST,0.08000016,2.94,2.94,2.93,776,,,,,,,
FHIPO14.MX,18.99,2022/02/01,11:28 CST,-0.010000229,18.99,18.99,18.99,1805,,,,,,,
FFIV.MX,4273.62,2022/01/31,14:49 CST,0.0,0.0,4273.62,4273.62,0,,,,,,,
FEMSAUB.MX,124.5,2022/02/01,10:09 CST,-0.19999695,124.5,124.5,124.5,449,,,,,,,
FECN.MX,210.0,2022/02/01,10:58 CST,30.5,180.0,210.0,180.0,40,,,,,,,
FDX.MX,5263.3,2022/02/01,08:41 CST,243.2998,5160.3,5263.3,5160.3,43,,,,,,,
FDRN.MX,656.46,2022/02/01,09:22 CST,-50.829956,656.46,656.46,656.46,1462,,,,,,,
FCX.MX,792.49,2022/02/01,11:38 CST,39.48999,789.8,792.5,787.6,12184,,,,,,,
FCFE18.MX,26.1,2022/02/01,11:40 CST,0.09000015,26.0,26.5,26.0,4072,,,,,,,
FCEL.MX,91.0,2022/02/01,11:34 CST,5.830002,89.0,94.0,87.0,2010,,,,,,,
FANG.MX,2695.0,2022/02/01,10:11 CST,27.0,2695.0,2695.0,2695.0,28,,,,,,,
F.MX,419.3,2022/02/01,11:34 CST,2.9599915,418.17,424.99,408.01,4195,,,,,,,
EXPI.MX,496.0,2022/01/27,11:14 CST,0.0,0.0,496.0,496.0,0,,,,,,,
EXPE.MX,3537.23,2022/01/28,10:56 CST,0.0,0.0,3537.23,3537.23,0,,,,,,,
EXO1N.MX,1692.66,2022/01/28,11:10 CST,0.0,0.0,1692.66,1692.66,0,,,,,,,
EXC.MX,1190.0,2022/01/31,13:18 CST,0.0,0.0,1190.0,1190.0,0,,,,,,,
EW.MX,1412.21,2022/02/01,11:48 CST,4.3499756,2234.73,2234.73,2234.73,567,,,,,,,
EVON.MX,2451.68,2022/01/28,08:52 CST,0.0,0.0,2451.68,2451.68,0,,,,,,,
ETSY.MX,3156.01,2022/02/01,11:33 CST,-100.17993,3206.0,3206.0,3156.01,200,,,,,,,
ETR307L-DC013.MX,100.0,2022/01/28,14:10 CST,0.0,0.0,100.0,100.0,0,,,,,,,
ETR307L-DC012.MX,100.0,2022/01/27,14:14 CST,0.0,0.0,100.0,100.0,0,,,,,,,
ETR307L-DC011.MX,100.0,2022/01/27,14:14 CST,0.0,0.0,100.0,100.0,0,,,,,,,
ETR301L-DC010.MX,100.0,2022/01/26,13:46 CST,0.0,0.0,100.0,100.0,0,,,,,,,
ETN1N.MX,3247.0,2022/01/31,14:57 CST,0.0,0.0,3247.0,3247.0,0,,,,,,,
ET.MX,192.01,2022/02/01,08:30 CST,-5.730011,192.01,228.02,226.5,19484095,,,,,,,
ESTCN.MX,1795.0,2022/01/26,11:29 CST,-12.910034,0.0,1795.0,1795.0,0,,,,,,,
ESGMEXISHRS.MX,42.23,2022/02/01,09:55 CST,0.020000458,42.23,42.23,42.23,2526,,,,,,,
ERJN.MX,315.0,2022/01/31,10:52 CST,0.0,0.0,315.0,315.0,0,,,,,,,
ERICN.MX,255.0,2022/02/01,10:16 CST,0.0,255.0,255.0,255.0,22,,,,,,,
EQNRN.MX,585.0,2022/01/27,11:29 CST,0.0,0.0,585.0,585.0,0,,,,,,,
EPAM.MX,9695.0,2022/01/31,10:33 CST,0.0,0.0,9695.0,9695.0,0,,,,,,,
EOG.MX,2282.25,2022/01/31,12:59 CST,0.0,0.0,2282.25,2282.25,0,,,,,,,
ENTG.MX,2390.0,2022/01/31,10:29 CST,0.0,0.0,2390.0,2390.0,0,,,,,,,
ENPH.MX,2944.0,2022/02/01,10:19 CST,89.5,2900.0,2948.56,2830.0,238,,,,,,,
ENGHN.MX,703.28,2022/01/27,14:39 CST,0.0,0.0,703.28,703.28,0,,,,,,,
EMR.MX,1877.0,2022/02/01,09:13 CST,-17.579956,1877.0,1877.0,1877.0,36,,,,,,,
EMPA1N.MX,635.18,2022/01/27,14:39 CST,0.0,0.0,635.18,635.18,0,,,,,,,
ELUN.MX,3894.5,2022/01/27,10:52 CST,0.0,0.0,3894.5,3894.5,0,,,,,,,
ELEMAT.MX,18.4,2022/01/31,12:13 CST,0.0,0.0,18.4,18.4,2,,,,,,,
ELEKTRA.MX,1353.02,2022/02/01,11:48 CST,-2.3599854,1364.2,1364.2,1340.31,3439,,,,,,,
ELE1N.MX,452.51,2022/01/25,09:37 CST,0.0,0.0,452.51,452.51,0,,,,,,,
EL.MX,1395.44,2022/02/01,11:48 CST,4.169922,1391.27,1398.96,1389.65,0,,,,,,,
EDUN.MX,28.8,2022/02/01,11:12 CST,0.0,28.8,28.8,28.8,1011,,,,,,,
EDUCA18.MX,57.29,2022/01/31,12:34 CST,0.0,0.0,57.29,57.29,264,,,,,,,
ECL.MX,3902.0,2022/02/01,10:09 CST,-107.40991,3902.0,3902.0,3902.0,26,,,,,,,
EBAY.MX,1233.54,2022/02/01,09:51 CST,-2.459961,1233.54,1233.54,1233.54,5,,,,,,,
EA.MX,2676.11,2022/02/01,11:20 CST,-21.889893,2676.0,2676.11,2676.0,377,,,,,,,
DXCM.MX,8416.51,2022/01/28,13:34 CST,0.0,0.0,8416.51,8416.51,495,,,,,,,
DVN.MX,1081.0,2022/02/01,11:22 CST,34.01001,1068.97,1095.0,1068.96,2134,,,,,,,
DSYN.MX,949.69,2022/01/27,10:51 CST,0.0,0.0,949.69,949.69,0,,,,,,,
DSGN.MX,1398.5,2022/01/27,14:39 CST,0.0,0.0,1398.5,1398.5,0,,,,,,,
DRE.MX,1172.0,2022/01/25,14:38 CST,0.0,0.0,1172.0,1172.0,0,,,,,,,
DQN.MX,797.0,2022/01/31,09:29 CST,0.0,0.0,797.0,797.0,0,,,,,,,
DPZ.MX,9236.0,2022/01/24,13:29 CST,0.0,0.0,9236.0,9236.0,0,,,,,,,
DPHN.MX,1169.65,2022/02/01,10:02 CST,37.940063,1169.65,1169.65,1169.65,385,,,,,,,
DOW1.MX,1250.0,2022/01/28,08:33 CST,0.0,0.0,1250.0,1250.0,0,,,,,,,
DOMN.MX,101.17,2022/02/01,09:22 CST,-4.7000046,101.17,101.17,101.17,4939,,,,,,,
DOCU.MX,2575.0,2022/02/01,08:42 CST,213.0,2612.0,2612.0,2575.0,257,,,,,,,
DNUT.MX,300.0,2022/01/24,12:50 CST,0.0,0.0,300.0,300.0,0,,,,,,,
DLTR.MX,2681.77,2022/01/27,13:31 CST,0.0,0.0,2681.77,2681.77,3,,,,,,,
DLR.MX,3074.0,2022/01/31,13:19 CST,0.0,0.0,3074.0,3074.0,0,,,,,,,
DKNG.MX,482.1,2022/02/01,11:40 CST,27.110016,460.0,481.0,460.0,205264,,,,,,,
DISH.MX,650.0,2022/02/01,08:30 CST,0.0,650.0,650.0,650.0,39,,,,,,,
DINEB.MX,19.0,2022/01/25,11:25 CST,0.0,0.0,19.0,19.0,2,,,,,,,
DIMN.MX,8676.23,2022/01/26,10:01 CST,-162.01953,0.0,8676.23,8676.23,0,,,,,,,
DIDIN.MX,75.0,2022/02/01,11:43 CST,-5.5,80.0,81.0,75.0,351,,,,,,,
DIABLOI10.MX,9.9,2022/01/31,14:47 CST,0.0,0.0,9.9,9.9,45,,,,,,,
DHI.MX,1789.25,2022/01/27,09:46 CST,0.0,0.0,1789.25,1789.25,0,,,,,,,
DGX.MX,2817.11,2022/01/26,10:13 CST,0.0,0.0,2817.11,2817.11,0,,,,,,,
DGG.MX,4266.0,2022/01/28,11:23 CST,0.0,0.0,4266.0,4266.0,0,,,,,,,
DFS.MX,2321.58,2022/01/28,08:44 CST,0.0,0.0,2321.58,2321.58,0,,,,,,,
DELLC.MX,1164.28,2022/01/31,14:23 CST,0.0,0.0,1164.28,1164.28,4,,,,,,,
DE.MX,7705.0,2022/01/28,13:48 CST,0.0,0.0,7705.0,7705.0,0,,,,,,,
DDOG.MX,3019.0,2022/01/31,12:18 CST,0.0,0.0,3019.0,3019.0,0,,,,,,,
DDD.MX,361.0,2022/01/31,14:12 CST,0.0,0.0,361.0,361.0,1,,,,,,,
DD.MX,1568.25,2022/01/31,14:26 CST,0.0,0.0,1568.25,1568.25,0,,,,,,,
DBX.MX,510.5,2022/01/31,12:23 CST,0.0,0.0,510.5,510.5,12,,,,,,,
DBN.MX,259.19,2022/01/25,09:43 CST,0.0,0.0,259.19,259.19,0,,,,,,,
DB1N.MX,3625.38,2022/01/31,09:09 CST,0.0,0.0,3625.38,3625.38,0,,,,,,,
DASH.MX,2393.0,2022/01/25,13:49 CST,230.46997,0.0,2393.0,2393.0,0,,,,,,,
DANHOS13.MX,22.7,2022/02/01,11:44 CST,0.48000145,22.49,22.78,22.33,42345,,,,,,,
DAL.MX,830.0,2022/02/01,11:38 CST,14.619995,815.38,832.0,815.0,674,,,,,,,
DAI301L-DC007.MX,100.0,2022/01/26,13:46 CST,0.0,0.0,100.0,100.0,0,,,,,,,
CYDSASAA.MX,13.84,2022/02/01,11:41 CST,0.069999695,13.22,13.84,13.22,1291,,,,,,,
CYBRN.MX,2834.29,2022/01/24,13:57 CST,137.55005,0.0,2834.29,2834.29,0,,,,,,,
CULTIBAB.MX,11.7,2022/02/01,10:54 CST,-0.19999981,11.7,11.7,11.7,1242,,,,,,,
CUERVO.MX,49.67,2022/02/01,11:47 CST,-0.17000198,50.05,50.2,48.92,249527,,,,,,,
CTXS.MX,2094.0,2022/01/31,13:57 CST,0.0,0.0,2094.0,2094.0,0,,,,,,,
CTSH.MX,1750.0,2022/01/31,13:14 CST,0.0,0.0,1750.0,1750.0,0,,,,,,,
CTRA.MX,467.0,2022/02/01,10:04 CST,20.049988,467.0,467.0,467.0,33,,,,,,,
CTLT.MX,2027.02,2022/01/28,13:29 CST,0.0,0.0,2027.02,2027.02,0,,,,,,,
CSN.MX,191.92,2022/01/28,11:18 CST,0.0,0.0,191.92,191.92,0,,,,,,,
CSLN.MX,3714.32,2022/01/27,08:30 CST,0.0,0.0,3714.32,3714.32,0,,,,,,,
CSIQN.MX,528.35,2022/01/26,12:47 CST,1.8499756,0.0,528.35,528.35,0,,,,,,,
CRWD.MX,3675.0,2022/01/31,14:11 CST,0.0,0.0,3675.0,3675.0,4,,,,,,,
CRSR.MX,420.0,2022/02/01,11:20 CST,17.0,420.0,420.0,420.0,53,,,,,,,
CRSPN.MX,1270.0,2022/01/27,11:07 CST,0.0,0.0,1270.0,1270.0,0,,,,,,,
CRM301L-DC057.MX,100.0,2022/01/25,12:31 CST,0.0,0.0,100.0,100.0,0,,,,,,,
CREAL.MX,5.1,2022/02/01,11:45 CST,-0.41000032,5.51,5.6,5.07,735579,,,,,,,
CPRT.MX,2653.0,2022/01/31,09:52 CST,0.0,0.0,2653.0,2653.0,0,,,,,,,
CPNG.MX,421.0,2022/01/31,10:47 CST,0.0,0.0,421.0,421.0,0,,,,,,,
CPE.MX,1006.0,2022/01/31,11:28 CST,0.0,0.0,1006.0,1006.0,0,,,,,,,
COXA.MX,27.9,2022/01/31,11:25 CST,0.0,0.0,27.9,27.9,5,,,,,,,
COP210L-DC004.MX,100.0,2022/01/28,14:10 CST,0.0,0.0,100.0,100.0,0,,,,,,,
COP210L-DC003.MX,100.0,2022/01/26,13:46 CST,0.0,0.0,100.0,100.0,0,,,,,,,
CONVERA.MX,3.35,2022/01/31,11:18 CST,0.0,0.0,3.35,3.35,10,,,,,,,
COLN.MX,181.42,2022/02/01,09:25 CST,2.630005,181.42,181.42,181.42,2339,,,,,,,
COLLADO.MX,7.2,2022/01/31,14:37 CST,0.0,0.0,7.2,7.2,0,,,,,,,
COF.MX,3025.0,2022/01/31,14:48 CST,0.0,0.0,3025.0,3025.0,0,,,,,,,
CNK.MX,330.0,2022/02/01,10:46 CST,42.299988,330.0,330.0,330.0,27,,,,,,,
CNIN.MX,2506.41,2022/01/31,14:20 CST,0.0,0.0,2506.41,2506.41,0,,,,,,,
CNC.MX,1589.0,2022/01/27,10:27 CST,0.0,0.0,1589.0,1589.0,0,,,,,,,
CMX301L-DC268.MX,1000.0,2022/01/28,12:59 CST,0.0,0.0,1000.0,1000.0,0,,,,,,,
CMRB.MX,1.54,2022/02/01,11:29 CST,0.01999998,1.52,1.54,1.5,11747,,,,,,,
CMOCTEZ.MX,64.25,2022/01/31,14:07 CST,0.0,0.0,64.25,64.25,34,,,,,,,
CMI.MX,4562.08,2022/02/01,09:18 CST,-50.91992,4562.08,4562.08,4562.08,18,,,,,,,
CMG.MX,29000.0,2022/01/28,14:10 CST,0.0,0.0,29000.0,29000.0,0,,,,,,,
CLX.MX,3436.98,2022/01/26,11:18 CST,0.0,0.0,3436.98,3436.98,1,,,,,,,
CLR.MX,1122.86,2022/01/26,08:37 CST,0.0,0.0,1122.86,1122.86,0,,,,,,,
CLNXN.MX,948.96,2022/02/01,09:22 CST,-73.329956,948.96,948.96,948.96,807,,,,,,,
CLF.MX,371.0,2022/02/01,10:28 CST,17.179993,369.78,371.0,369.78,1076,,,,,,,
CL.MX,1712.2,2022/01/27,11:50 CST,0.0,0.0,1712.2,1712.2,0,,,,,,,
CIGN.MX,53.0,2022/02/01,08:30 CST,0.6100006,53.0,53.0,53.0,50,,,,,,,
CIEB.MX,8.32,2022/01/31,13:05 CST,0.0,0.0,8.32,8.32,119,,,,,,,
CIEAN.MX,580.96,2022/01/25,09:36 CST,0.0,0.0,580.96,580.96,0,,,,,,,
CI.MX,4687.55,2022/01/27,12:17 CST,0.0,0.0,4687.55,4687.55,0,,,,,,,
CHWY.MX,905.67,2022/01/28,10:16 CST,0.0,0.0,905.67,905.67,2,,,,,,,
CHTR.MX,11595.0,2022/01/26,11:30 CST,0.0,0.0,11595.0,11595.0,0,,,,,,,
CHS.MX,95.9,2022/02/01,08:50 CST,-1.5999985,95.9,95.9,95.9,10004,,,,,,,
CHDRAUIB.MX,42.21,2022/02/01,11:46 CST,0.70000076,41.56,42.65,41.2,162683,,,,,,,
CHD.MX,2109.87,2022/01/31,14:21 CST,0.0,0.0,2109.87,2109.87,0,,,,,,,
CGNX.MX,1365.5,2022/02/01,10:52 CST,-302.5,1365.5,1365.5,1365.5,939,,,,,,,
CG.MX,971.85,2022/01/28,09:39 CST,0.0,0.0,971.85,971.85,0,,,,,,,
CFRIN.MX,3041.18,2022/02/01,10:10 CST,133.47998,3041.18,3041.18,3041.18,760,,,,,,,
CFG.MX,1000.0,2022/01/24,13:01 CST,0.0,0.0,1000.0,1000.0,0,,,,,,,
CEMEXCPO.MX,12.75,2022/02/01,11:47 CST,0.14999962,12.75,12.91,12.64,5442687,,,,,,,
CDRON.MX,150.0,2022/01/26,13:10 CST,0.0,0.0,150.0,150.0,0,,,,,,,
CDNS.MX,3104.4,2022/01/31,14:21 CST,0.0,0.0,3104.4,3104.4,846,,,,,,,
CDEV.MX,169.4,2022/02/01,11:15 CST,6.399994,168.38,175.0,168.38,7530,,,,,,,
CCLN.MX,390.0,2022/01/28,14:02 CST,33.70999,0.0,390.0,390.0,0,,,,,,,
CCLBN.MX,1067.93,2022/01/27,14:38 CST,0.0,0.0,1067.93,1067.93,0,,,,,,,
CCL1N.MX,430.98,2022/02/01,11:16 CST,23.700012,411.0,430.98,411.0,3968,,,,,,,
CC.MX,682.4,2022/01/26,08:30 CST,0.0,0.0,682.4,682.4,0,,,,,,,
CBRE.MX,2112.45,2022/01/31,13:55 CST,0.0,0.0,2112.45,2112.45,0,,,,,,,
CBN.MX,4056.23,2022/02/01,10:05 CST,120.8501,4056.23,4056.23,4056.23,355,,,,,,,
CBDN.MX,85.0,2022/01/31,12:33 CST,0.0,0.0,85.0,85.0,1,,,,,,,
CAT.MX,4189.0,2022/02/01,10:50 CST,23.009766,4135.0,4200.0,4135.0,82,,,,,,,
CAR.MX,3668.6,2022/01/26,10:23 CST,0.0,0.0,3668.6,3668.6,0,,,,,,,
CAN.MX,399.04,2022/02/01,10:08 CST,-12.779999,399.04,399.04,399.04,15104,,,,,,,
CAKE.MX,766.0,2022/01/25,10:32 CST,0.0,0.0,766.0,766.0,0,,,,,,,
CAFEN.MX,818.29,2022/02/01,09:24 CST,27.48999,818.29,818.29,818.29,1132,,,,,,,
CAEN.MX,495.73,2022/01/27,14:40 CST,0.0,0.0,495.73,495.73,0,,,,,,,
CADUA.MX,2.35,2022/02/01,11:44 CST,0.049999952,2.28,2.35,2.21,5712,,,,,,,
CABKN.MX,65.0,2022/01/27,10:49 CST,0.0,0.0,65.0,65.0,0,,,,,,,
BYND.MX,1390.0,2022/02/01,11:16 CST,67.06006,1355.0,1399.96,1315.0,37455,,,,,,,
BYDN.MX,3074.11,2022/01/27,14:38 CST,0.0,0.0,3074.11,3074.11,0,,,,,,,
BX.MX,2738.3,2022/02/01,11:14 CST,81.01001,2713.26,2738.3,2713.26,51099,,,,,,,
BTBTN.MX,80.16,2022/02/01,11:22 CST,6.010002,80.16,80.16,80.16,11,,,,,,,
BSX.MX,884.34,2022/01/31,10:52 CST,0.0,0.0,884.34,884.34,0,,,,,,,
BSMXB.MX,23.42,2022/02/01,11:39 CST,-0.07999992,23.09,23.99,22.75,22658,,,,,,,
BRKR.MX,1333.97,2022/01/28,14:23 CST,0.0,0.0,1333.97,1333.97,0,,,,,,,
BPN.MX,642.0,2022/01/28,12:07 CST,0.0,0.0,642.0,642.0,0,,,,,,,
BOLSAA.MX,35.35,2022/02/01,11:48 CST,0.16999817,35.31,35.35,35.05,112788,,,,,,,
BNTXN.MX,3649.83,2022/02/01,11:10 CST,180.82007,3632.89,3658.84,3587.95,228,,,,,,,
BNS.MX,1488.0,2022/02/01,10:21 CST,5.7299805,1488.0,1488.0,1488.0,7,,,,,,,
BNN.MX,1276.16,2022/01/31,09:09 CST,0.0,0.0,1276.16,1276.16,0,,,,,,,
BNGO.MX,47.0,2022/02/01,11:47 CST,1.5,46.9,48.53,46.0,2115,,,,,,,
BLL.MX,1792.75,2022/01/25,13:59 CST,0.0,0.0,1792.75,1792.75,0,,,,,,,
BKNG.MX,50562.59,2022/01/31,13:36 CST,0.0,0.0,50562.59,50562.59,0,,,,,,,
BIMBOA.MX,64.5,2022/02/01,11:47 CST,-0.08999634,64.35,64.97,63.5,448535,,,,,,,
BILIN.MX,741.7,2022/02/01,10:36 CST,23.0,733.0,746.6,733.0,68002,,,,,,,
BIIB.MX,4633.05,2022/01/28,13:29 CST,0.0,0.0,4633.05,4633.05,0,,,,,,,
BIDUN.MX,3270.0,2022/01/31,14:39 CST,0.0,0.0,3270.0,3270.0,5,,,,,,,
BFSAN.MX,1471.89,2022/02/01,09:22 CST,27.53003,1471.89,1471.89,1471.89,267,,,,,,,
BESIN.MX,1762.78,2022/02/01,10:10 CST,107.59009,1762.78,1762.78,1762.78,4288,,,,,,,
BDX.MX,5185.03,2022/02/01,11:29 CST,-50.470215,5185.03,5185.03,5185.03,31,,,,,,,
BCSN.MX,224.1,2022/01/31,14:18 CST,0.0,0.0,224.1,224.1,0,,,,,,,
BCRX.MX,310.0,2022/02/01,10:18 CST,0.0,310.0,310.0,310.0,300,,,,,,,
BBY.MX,1999.0,2022/01/31,10:48 CST,0.0,0.0,1999.0,1999.0,0,,,,,,,
BBWI.MX,1120.0,2022/01/25,14:57 CST,0.0,0.0,1120.0,1120.0,0,,,,,,,
BBVA.MX,132.5,2022/02/01,11:19 CST,1.6900024,131.5,132.5,131.5,919,,,,,,,
BBN.MX,169.0,2022/02/01,11:16 CST,2.0,169.0,173.03,169.0,653,,,,,,,
BBDN.MX,88.0,2022/01/31,14:32 CST,0.0,0.0,88.0,88.0,2,,,,,,,
BBDBN.MX,26.2,2022/01/31,09:33 CST,0.0,0.0,26.2,26.2,3,,,,,,,
BBBY.MX,359.0,2022/02/01,10:47 CST,25.0,345.0,374.99,338.0,20013,,,,,,,
BBAJIOO.MX,44.71,2022/02/01,11:48 CST,0.29999924,44.51,45.0,44.4,597231,,,,,,,
BAYNN.MX,1251.91,2022/02/01,10:10 CST,27.140015,1251.91,1251.91,1251.91,2860,,,,,,,
BAX.MX,1769.5,2022/01/27,09:26 CST,0.0,0.0,1769.5,1769.5,0,,,,,,,
BASN.MX,1529.56,2022/01/25,10:39 CST,0.0,0.0,1529.56,1529.56,0,,,,,,,
BAPN.MX,2840.0,2022/01/28,09:44 CST,0.0,0.0,2840.0,2840.0,0,,,,,,,
BAMAN.MX,1089.51,2022/01/27,14:40 CST,0.0,0.0,1089.51,1089.51,0,,,,,,,
BAFARB.MX,71.0,2022/01/26,14:41 CST,0.0,0.0,71.0,71.0,27,,,,,,,
BACHOCOB.MX,70.7,2022/02/01,11:42 CST,-0.27000427,70.97,70.97,70.62,22448,,,,,,,
DEON.MX,4175.0,2022/01/31,13:35 CST,0.0,0.0,4175.0,4175.0,0,,,,,,,
JDN.MX,1551.5,2022/02/01,10:10 CST,14.439941,1550.0,1551.5,1537.44,104,,,,,,,
COP.MX,1860.14,2022/02/01,09:21 CST,18.140015,1860.14,1860.14,1860.14,42,,,,,,,
RION.MX,1533.99,2022/02/01,10:47 CST,43.98999,1533.99,1533.99,1533.99,10,,,,,,,
IBM.MX,2756.0,2022/02/01,10:13 CST,15.0,2730.0,2756.0,2730.0,38,,,,,,,
BA.MX,4222.22,2022/02/01,11:22 CST,112.52002,4140.6,4281.0,4140.6,120,,,,,,,
AMAT.MX,2846.0,2022/01/31,14:55 CST,0.0,0.0,2846.0,2846.0,4,,,,,,,
BLK.MX,16999.98,2022/01/31,13:33 CST,0.0,0.0,16999.98,16999.98,1,,,,,,,
SIEN.MX,3209.79,2022/01/28,11:08 CST,0.0,0.0,3209.79,3209.79,0,,,,,,,
AMGN.MX,4636.4,2022/01/26,10:13 CST,0.0,0.0,4636.4,4636.4,0,,,,,,,
ULN.MX,1050.0,2022/01/28,13:22 CST,0.0,0.0,1050.0,1050.0,0,,,,,,,
PTRN.MX,1031.0,2022/02/01,10:53 CST,-56.98999,1031.0,1031.0,1031.0,40,,,,,,,
SNYN.MX,1071.0,2022/01/31,13:45 CST,0.0,0.0,1071.0,1071.0,0,,,,,,,
1299N.MX,228.58,2022/01/26,10:26 CST,0.0,0.0,228.58,228.58,0,,,,,,,
FEMSAUBD.MX,153.31,2022/02/01,11:48 CST,-1.8899994,156.0,156.0,153.05,993813,,,,,,,
RTX.MX,1870.0,2022/01/28,14:34 CST,0.0,0.0,1870.0,1870.0,0,,,,,,,
AXP.MX,3715.01,2022/02/01,11:11 CST,5.5,3730.0,3740.28,3715.01,149,,,,,,,
AMD.MX,2361.75,2022/02/01,11:45 CST,7.0700684,2400.0,2400.27,2330.01,2620,,,,,,,
TMUS.MX,2225.0,2022/02/01,08:30 CST,0.0,2225.0,2225.0,2225.0,5,,,,,,,
HON.MX,4156.03,2022/02/01,09:10 CST,-20.570312,4156.03,4156.03,4156.03,17,,,,,,,
MDTN.MX,2118.21,2022/01/31,09:06 CST,0.0,0.0,2118.21,2118.21,0,,,,,,,
CVS.MX,2186.54,2022/02/01,09:17 CST,-9.459961,2186.54,2186.54,2186.54,61,,,,,,,
SAPN.MX,2517.21,2022/01/31,11:53 CST,0.0,0.0,2517.21,2517.21,0,,,,,,,
BMY.MX,1335.9,2022/01/31,14:43 CST,0.0,0.0,1335.9,1335.9,3,,,,,,,
GS.MX,7395.4,2022/02/01,10:39 CST,120.8999,7395.4,7395.4,7395.4,135,,,,,,,
NEE.MX,1575.0,2022/02/01,10:21 CST,-25.0,1609.01,1609.01,1575.0,15492,,,,,,,
INTU.MX,10753.0,2022/01/27,14:31 CST,0.0,0.0,10753.0,10753.0,0,,,,,,,
UNP.MX,5029.63,2022/01/31,14:21 CST,0.0,0.0,5029.63,5029.63,0,,,,,,,
LOW.MX,4815.0,2022/01/28,11:29 CST,0.0,0.0,4815.0,4815.0,0,,,,,,,
SCHW.MX,1796.83,2022/01/31,14:38 CST,0.0,0.0,1796.83,1796.83,0,,,,,,,
PM.MX,2124.88,2022/01/31,10:59 CST,0.0,0.0,2124.88,2124.88,0,,,,,,,
HBCN.MX,735.0,2022/02/01,08:30 CST,95.0,735.0,735.0,735.0,21,,,,,,,
RYN.MX,2352.0,2022/01/31,14:17 CST,0.0,0.0,2352.0,2352.0,0,,,,,,,
TXN.MX,3698.2,2022/02/01,11:04 CST,23.199951,3685.29,3698.2,3685.29,615,,,,,,,
BHPN.MX,1326.0,2022/01/28,13:00 CST,0.0,0.0,1326.0,1326.0,0,,,,,,,
T.MX,503.5,2022/02/01,11:16 CST,-20.549988,500.0,504.99,497.0,4294,,,,,,,
AZNN.MX,1161.6,2022/02/01,09:11 CST,-38.420044,1150.0,1161.6,1150.0,205,,,,,,,
C.MX,1360.8,2022/02/01,11:41 CST,24.090088,1359.53,1368.04,1359.53,6373,,,,,,,
RDSA.MX,1062.0,2022/01/28,10:55 CST,0.0,0.0,1062.0,1062.0,0,,,,,,,
MCD.MX,5305.0,2022/01/31,11:09 CST,0.0,0.0,5305.0,5305.0,2,,,,,,,
NVSN.MX,1779.19,2022/01/26,10:35 CST,0.0,0.0,1779.19,1779.19,0,,,,,,,
RDSAN.MX,536.2,2022/01/27,10:10 CST,0.0,0.0,536.2,536.2,0,,,,,,,
MS.MX,2120.0,2022/02/01,09:33 CST,9.600098,2120.0,2120.0,2120.0,76,,,,,,,
RDSB.MX,1058.31,2022/01/28,13:10 CST,0.0,0.0,1058.31,1058.31,0,,,,,,,
NFLX.MX,9062.0,2022/02/01,11:44 CST,263.38965,8826.18,9113.14,8738.16,8305,,,,,,,
QCOM.MX,3614.25,2022/02/01,11:34 CST,64.25,3509.01,3622.6,3509.01,1269,,,,,,,
UPS.MX,4750.0,2022/02/01,11:37 CST,586.5,4506.45,4795.0,4506.45,800,,,,,,,
INTC.MX,1004.99,2022/02/01,11:40 CST,5.1900024,999.79,1005.0,999.79,100,,,,,,,
PYPL.MX,3576.99,2022/02/01,11:47 CST,46.360107,3549.0,3636.0,3516.17,5739,,,,,,,
DHR.MX,5865.0,2022/02/01,09:13 CST,-4.0,5865.0,5865.0,5865.0,48,,,,,,,
MRK.MX,1680.77,2022/02/01,09:59 CST,0.77001953,1680.0,1680.77,1680.0,538,,,,,,,
ORCL.MX,1640.0,2022/02/01,09:00 CST,-27.23999,1640.0,1640.0,1640.0,10,,,,,,,
ACNN.MX,6954.0,2022/01/27,14:38 CST,0.0,0.0,6954.0,6954.0,0,,,,,,,
WFC.MX,1133.05,2022/02/01,11:02 CST,23.450073,1109.1,1133.05,1109.1,179,,,,,,,
VZ.MX,1080.0,2022/01/31,09:32 CST,0.0,0.0,1080.0,1080.0,1,,,,,,,
COST.MX,10416.0,2022/01/31,14:55 CST,0.0,0.0,10416.0,10416.0,11,,,,,,,
CRM.MX,4720.0,2022/02/01,10:34 CST,-76.0,4750.0,4750.0,4676.93,305,,,,,,,
CMCSA.MX,1022.0,2022/02/01,11:32 CST,-6.1500244,1022.0,1022.0,1022.0,16,,,,,,,
ORN.MX,8763.48,2022/01/27,08:45 CST,0.0,0.0,8763.48,8763.48,0,,,,,,,
NVON.MX,2047.0,2022/01/31,09:26 CST,0.0,0.0,2047.0,2047.0,0,,,,,,,
ABT.MX,2632.36,2022/01/31,14:21 CST,0.0,0.0,2632.36,2632.36,0,,,,,,,
TMO.MX,11940.0,2022/01/31,14:48 CST,0.0,0.0,11940.0,11940.0,0,,,,,,,
AVGO.MX,11947.08,2022/02/01,09:20 CST,8.080078,11947.08,11947.08,11947.08,138,,,,,,,
CSCO.MX,1128.0,2022/02/01,09:51 CST,-17.569946,1128.0,1128.0,1128.0,33,,,,,,,
NKE.MX,3050.0,2022/02/01,11:03 CST,-0.6398926,3060.0,3060.0,3028.04,5587,,,,,,,
LLY.MX,5040.0,2022/02/01,08:58 CST,0.0,5040.0,5040.0,5040.0,5,,,,,,,
PEP.MX,3563.0,2022/01/31,14:26 CST,0.0,0.0,3563.0,3563.0,1,,,,,,,
ABBV.MX,2807.0,2022/01/31,11:50 CST,0.0,0.0,2807.0,2807.0,7,,,,,,,
CVX.MX,2780.0,2022/02/01,10:32 CST,85.0,2713.11,2780.0,2713.11,8135,,,,,,,
KO.MX,1240.0,2022/02/01,11:48 CST,-15.0,1299.98,1299.98,1240.0,512,,,,,,,
DIS.MX,2965.0,2022/02/01,11:30 CST,27.169922,2971.0,2974.39,2926.15,532,,,,,,,
ADBE.MX,11034.84,2022/02/01,10:49 CST,174.83984,10960.0,11034.84,10960.0,117,,,,,,,
TMN.MX,3950.0,2022/01/27,12:24 CST,0.0,0.0,3950.0,3950.0,2,,,,,,,
PFE.MX,1078.21,2022/02/01,11:40 CST,-9.530029,1080.0,1083.4,1075.01,320,,,,,,,
ROGN.MX,7914.32,2022/01/27,09:37 CST,0.0,0.0,7914.32,7914.32,0,,,,,,,
XOM.MX,1671.0,2022/02/01,11:04 CST,108.97998,1580.0,1674.99,1580.0,10582,,,,,,,
BABAN.MX,2589.85,2022/02/01,11:43 CST,12.51001,2580.0,2635.5,2530.0,2234,,,,,,,
HD.MX,7492.51,2022/02/01,09:59 CST,-40.65039,7492.52,7492.52,7470.49,87,,,,,,,
MA.MX,8034.0,2022/02/01,09:51 CST,94.0,8000.0,8050.0,8000.0,406,,,,,,,
PG.MX,3269.09,2022/02/01,10:10 CST,-31.01001,3300.1,3365.49,3269.09,116,,,,,,,
WMT.MX,2887.99,2022/02/01,10:54 CST,8.98999,2865.03,2887.99,2863.0,105,,,,,,,
MCN.MX,16802.28,2022/02/01,10:01 CST,73.41992,16802.28,16802.28,16802.28,50,,,,,,,
SMSNN.MX,31130.0,2022/01/27,10:24 CST,0.0,0.0,31130.0,31130.0,1,,,,,,,
NESNN.MX,2670.0,2022/01/25,11:28 CST,0.0,0.0,2670.0,2670.0,0,,,,,,,
UNH.MX,9569.3,2022/02/01,10:56 CST,-172.7002,9569.3,9569.3,9569.3,89,,,,,,,
JNJ.MX,3436.41,2022/02/01,11:30 CST,-116.59009,3530.0,3530.0,3436.41,41,,,,,,,
V.MX,4741.5,2022/02/01,11:43 CST,100.16016,4618.13,4800.0,4618.13,6374,,,,,,,
BAC.MX,958.02,2022/02/01,11:28 CST,6.0200195,956.0,960.64,956.0,165,,,,,,,
JPM.MX,3088.15,2022/02/01,09:17 CST,30.899902,3057.0,3088.15,3057.0,142,,,,,,,
TCEHYN.MX,1260.0,2022/02/01,11:01 CST,0.0,1260.0,1260.0,1260.0,24,,,,,,,
NVDA.MX,4993.0,2022/02/01,11:47 CST,-17.279785,5080.0,5199.91,4921.0,8958,,,,,,,
TSMN.MX,2515.34,2022/02/01,11:46 CST,10.340088,2491.01,2520.0,2491.01,3034,,,,,,,
BRKB.MX,6405.0,2022/02/01,11:20 CST,-96.009766,6400.01,6514.19,6400.0,296,,,,,,,
FB.MX,6530.16,2022/02/01,11:21 CST,86.12012,6496.5,6530.17,6416.0,3443,,,,,,,
TSLA.MX,19088.31,2022/02/01,11:45 CST,-160.86914,19313.64,19400.0,18650.0,2165,,,,,,,
AMZN.MX,61645.0,2022/02/01,11:23 CST,23.199219,61853.99,61853.99,61030.0,529,,,,,,,
GOOGL.MX,56195.0,2022/02/01,11:47 CST,505.0,56130.0,56255.0,55700.0,476,,,,,,,
GOOG.MX,56172.7,2022/02/01,10:53 CST,872.6992,56328.0,56328.0,56172.7,181,,,,,,,
MSFT.MX,6312.75,2022/02/01,11:35 CST,-66.950195,6400.0,6400.0,6284.0,1670,,,,,,,
AAPL.MX,3568.5,2022/02/01,11:42 CST,-24.70996,3590.0,3590.0,3543.92,10362,,,,,,,
